paper_id,filename,year,stratum,pages,mode,status,error,first_tier,parse_seconds,measured_seconds,wait_retries,chars,tables,table_rows,table_numbers,chart_rows,concat_cells,figures,figures_captioned,display_formulas
170fead2,170fead2-lascaud1994.pdf,1994,old,9,standard,ok,,standard,151.3,151.3,0,62545,4,67,708,0,0,14,14,2
170fead2,170fead2-lascaud1994.pdf,1994,old,9,advanced,ok,,standard,182.4,182.4,1,63577,11,188,1099,117,0,4,4,2
170fead2,170fead2-lascaud1994.pdf,1994,old,9,hybrid,ok,,standard,333.8,3.6,0,70115,11,188,1099,117,0,18,18,2
5feba0f9,5feba0f9-robitaille1986.pdf,1986,old,11,standard,ok,,advanced,182.9,182.9,1,60539,0,0,0,0,0,25,25,4
5feba0f9,5feba0f9-robitaille1986.pdf,1986,old,11,advanced,ok,,advanced,183.7,183.7,1,63873,15,157,670,147,0,7,7,4
5feba0f9,5feba0f9-robitaille1986.pdf,1986,old,11,hybrid,ok,,advanced,366.6,4.3,0,69155,15,157,670,147,0,32,32,4
6ca669ae,6ca669ae-10.1016@0167-27389290292-W.pdf,1992,old,6,standard,ok,,standard,182.4,182.4,1,16844,1,11,35,0,0,8,8,0
6ca669ae,6ca669ae-10.1016@0167-27389290292-W.pdf,1992,old,6,advanced,ok,,standard,182.3,182.3,1,24203,8,330,711,311,0,0,0,0
6ca669ae,6ca669ae-10.1016@0167-27389290292-W.pdf,1992,old,6,hybrid,ok,,standard,364.6,1.3,0,26717,8,330,711,311,0,8,8,0
bdf71b01,bdf71b01-linden1988.pdf,1988,old,7,standard,ok,,advanced,40.7,40.7,0,11345,0,0,0,0,0,8,8,2
bdf71b01,bdf71b01-linden1988.pdf,1988,old,7,advanced,ok,,advanced,182.2,182.2,1,12155,6,38,187,30,0,2,2,2
bdf71b01,bdf71b01-linden1988.pdf,1988,old,7,hybrid,ok,,advanced,222.9,0.6,0,14167,6,38,187,30,0,10,10,2
f3d2d4b6,f3d2d4b6-fauteux1988.pdf,1988,old,6,standard,ok,,standard,81.9,81.9,0,21167,0,0,0,0,0,8,8,0
f3d2d4b6,f3d2d4b6-fauteux1988.pdf,1988,old,6,advanced,ok,,standard,168.2,168.2,0,23170,8,66,316,62,0,0,0,0
f3d2d4b6,f3d2d4b6-fauteux1988.pdf,1988,old,6,hybrid,ok,,standard,250.1,0.6,0,25145,8,66,316,62,0,8,8,0
0a3655ba,0a3655ba-10.1021@jp049195d.pdf,2004,modern,8,standard,ok,,advanced,38.0,38.0,0,52974,6,44,192,0,0,9,9,3
0a3655ba,0a3655ba-10.1021@jp049195d.pdf,2004,modern,8,advanced,ok,,advanced,144.1,144.1,0,54223,12,97,458,33,0,1,1,3
0a3655ba,0a3655ba-10.1021@jp049195d.pdf,2004,modern,8,hybrid,ok,,advanced,182.1,1.7,0,56496,12,97,458,33,0,10,10,3
1dba839e,1dba839e-tominaga2015.pdf,2015,modern,4,standard,ok,,standard,25.9,25.9,0,27267,1,5,25,0,17,6,5,1
1dba839e,1dba839e-tominaga2015.pdf,2015,modern,4,advanced,ok,,standard,64.8,64.8,0,28859,5,45,189,24,0,2,1,1
1dba839e,1dba839e-tominaga2015.pdf,2015,modern,4,hybrid,ok,,standard,90.6,0.7,0,30310,5,45,189,24,0,8,6,1
2c7161a7,2c7161a7-karmakar2010.pdf,2010,modern,7,standard,ok,,advanced,25.3,25.3,0,36041,2,16,116,0,3,14,14,5
2c7161a7,2c7161a7-karmakar2010.pdf,2010,modern,7,advanced,ok,,advanced,117.6,117.6,0,37762,6,59,409,35,0,8,8,5
2c7161a7,2c7161a7-karmakar2010.pdf,2010,modern,7,hybrid,ok,,advanced,142.9,1.3,0,42409,6,59,409,35,0,22,22,5
569ebb10,569ebb10-schauser2018.pdf,2018,modern,11,standard,ok,,standard,35.5,35.5,0,75714,2,12,89,0,0,13,12,6
569ebb10,569ebb10-schauser2018.pdf,2018,modern,11,advanced,ok,,standard,175.7,175.7,0,74370,6,66,305,54,0,5,4,6
569ebb10,569ebb10-schauser2018.pdf,2018,modern,11,hybrid,ok,,standard,211.1,2.1,0,82001,6,66,305,54,0,18,16,6
663ed327,663ed327-sun2014.pdf,2014,modern,5,standard,ok,,advanced,10.4,10.4,0,28653,0,0,0,0,0,10,10,0
663ed327,663ed327-sun2014.pdf,2014,modern,5,advanced,ok,,advanced,76.2,76.2,0,29169,3,78,185,76,0,4,4,0
663ed327,663ed327-sun2014.pdf,2014,modern,5,hybrid,ok,,advanced,86.6,0.6,0,31771,3,78,185,76,0,14,14,0
