paper_id,stratum,mode_a,mode_b,text_similarity,numbers_only_in_a,numbers_only_in_b
170fead2,old,standard,advanced,95.5,7,221
170fead2,old,advanced,hybrid,99.5,2,15
170fead2,old,standard,hybrid,95.0,0,227
5feba0f9,old,standard,advanced,93.0,0,300
5feba0f9,old,advanced,hybrid,99.6,0,1
5feba0f9,old,standard,hybrid,92.5,0,301
6ca669ae,old,standard,advanced,75.6,0,614
6ca669ae,old,advanced,hybrid,99.0,0,0
6ca669ae,old,standard,hybrid,74.7,0,614
bdf71b01,old,standard,advanced,90.5,0,141
bdf71b01,old,advanced,hybrid,97.9,0,0
bdf71b01,old,standard,hybrid,88.5,0,141
f3d2d4b6,old,standard,advanced,91.3,0,113
f3d2d4b6,old,advanced,hybrid,98.9,0,0
f3d2d4b6,old,standard,hybrid,90.3,0,113
0a3655ba,modern,standard,advanced,96.7,5,171
0a3655ba,modern,advanced,hybrid,99.5,0,5
0a3655ba,modern,standard,hybrid,96.2,1,172
1dba839e,modern,standard,advanced,95.5,0,52
1dba839e,modern,advanced,hybrid,99.1,0,0
1dba839e,modern,standard,hybrid,94.7,0,52
2c7161a7,modern,standard,advanced,93.4,30,206
2c7161a7,modern,advanced,hybrid,99.3,0,0
2c7161a7,modern,standard,hybrid,92.7,30,206
569ebb10,modern,standard,advanced,95.8,0,161
569ebb10,modern,advanced,hybrid,99.7,0,0
569ebb10,modern,standard,hybrid,95.5,0,161
663ed327,modern,standard,advanced,95.9,0,0
663ed327,modern,advanced,hybrid,99.2,0,0
663ed327,modern,standard,hybrid,95.1,0,0
