paper_id,status,group,gold_cells_matched,gold_cells_all,correct,near,wrong,missing,missing_unmatched_rows,extra,accuracy,accuracy_loose,recall
170fead2,ok,identity,0,84,0,0,0,0,84,0,,,0.0
170fead2,ok,thermal,0,21,0,0,0,0,21,0,,,0.0
170fead2,ok,conductivity,0,212,0,0,0,0,212,0,,,0.0
170fead2,ok,transport,0,0,0,0,0,0,0,0,,,
170fead2,ok,molecular_weight,0,63,0,0,0,0,63,0,,,0.0
170fead2,ok,mechanical,0,0,0,0,0,0,0,0,,,
170fead2,ok,processing,0,84,0,0,0,0,84,0,,,0.0
170fead2,ok,classification,0,63,0,0,0,0,63,0,,,0.0
170fead2,ok,fits,0,168,0,0,0,0,168,0,,,0.0
170fead2,ok,curator_computed,0,63,0,0,0,0,63,0,,,0.0
170fead2,ok,HEADLINE,0,380,0,0,0,0,380,0,,,0.0
5feba0f9,ok,identity,8,100,7,0,1,0,92,4,0.875,0.875,0.07
5feba0f9,ok,thermal,0,0,0,0,0,0,0,2,,,
5feba0f9,ok,conductivity,33,377,0,0,0,33,344,0,0.0,0.0,0.0
5feba0f9,ok,transport,0,0,0,0,0,0,0,0,,,
5feba0f9,ok,molecular_weight,2,25,0,0,0,2,23,0,0.0,0.0,0.0
5feba0f9,ok,mechanical,0,0,0,0,0,0,0,0,,,
5feba0f9,ok,processing,8,100,6,0,2,0,92,0,0.75,0.75,0.06
5feba0f9,ok,classification,6,75,4,0,2,0,69,0,0.6667,0.6667,0.0533
5feba0f9,ok,fits,12,149,0,0,0,12,137,0,0.0,0.0,0.0
5feba0f9,ok,curator_computed,10,121,6,0,0,4,111,0,0.6,0.6,0.0496
5feba0f9,ok,HEADLINE,43,502,7,0,1,35,459,6,0.1628,0.1628,0.0139
6ca669ae,ok,identity,45,65,20,0,20,5,20,0,0.4444,0.4444,0.3077
6ca669ae,ok,thermal,16,24,0,0,11,5,8,9,0.0,0.0,0.0
6ca669ae,ok,conductivity,85,93,0,0,8,77,8,4,0.0,0.0,0.0
6ca669ae,ok,transport,0,0,0,0,0,0,0,0,,,
6ca669ae,ok,molecular_weight,0,0,0,0,0,0,0,0,,,
6ca669ae,ok,mechanical,0,0,0,0,0,0,0,0,,,
6ca669ae,ok,processing,26,42,8,0,5,13,16,0,0.3077,0.3077,0.1905
6ca669ae,ok,classification,27,39,8,0,19,0,12,0,0.2963,0.2963,0.2051
6ca669ae,ok,fits,31,31,0,0,0,31,0,0,0.0,0.0,0.0
6ca669ae,ok,curator_computed,27,39,12,0,15,0,12,0,0.4444,0.4444,0.3077
6ca669ae,ok,HEADLINE,146,182,20,0,39,87,36,13,0.137,0.137,0.1099
bdf71b01,ok,identity,4,20,2,0,1,1,16,2,0.5,0.5,0.1
bdf71b01,ok,thermal,0,0,0,0,0,0,0,1,,,
bdf71b01,ok,conductivity,7,35,0,0,7,0,28,0,0.0,0.0,0.0
bdf71b01,ok,transport,0,0,0,0,0,0,0,0,,,
bdf71b01,ok,molecular_weight,1,5,0,0,0,1,4,0,0.0,0.0,0.0
bdf71b01,ok,mechanical,0,0,0,0,0,0,0,0,,,
bdf71b01,ok,processing,4,20,4,0,0,0,16,0,1.0,1.0,0.2
bdf71b01,ok,classification,3,15,3,0,0,0,12,0,1.0,1.0,0.2
bdf71b01,ok,fits,5,25,0,0,0,5,20,0,0.0,0.0,0.0
bdf71b01,ok,curator_computed,3,15,1,0,1,1,12,0,0.3333,0.3333,0.0667
bdf71b01,ok,HEADLINE,12,60,2,0,8,2,48,3,0.1667,0.1667,0.0333
f3d2d4b6,ok,identity,28,108,24,0,4,0,80,14,0.8571,0.8571,0.2222
f3d2d4b6,ok,thermal,0,0,0,0,0,0,0,0,,,
f3d2d4b6,ok,conductivity,13,52,4,2,7,0,39,1,0.3077,0.4615,0.0769
f3d2d4b6,ok,transport,0,0,0,0,0,0,0,0,,,
f3d2d4b6,ok,molecular_weight,7,27,0,0,0,7,20,7,0.0,0.0,0.0
f3d2d4b6,ok,mechanical,0,0,0,0,0,0,0,0,,,
f3d2d4b6,ok,processing,14,54,7,0,7,0,40,14,0.5,0.5,0.1296
f3d2d4b6,ok,classification,21,81,14,0,7,0,60,0,0.6667,0.6667,0.1728
f3d2d4b6,ok,fits,7,27,0,0,0,7,20,0,0.0,0.0,0.0
f3d2d4b6,ok,curator_computed,21,81,21,0,0,0,60,0,1.0,1.0,0.2593
f3d2d4b6,ok,HEADLINE,48,187,28,2,11,7,139,22,0.5833,0.625,0.1497
0a3655ba,no_extraction,identity,0,15,0,0,0,0,15,0,,,0.0
0a3655ba,no_extraction,thermal,0,9,0,0,0,0,9,0,,,0.0
0a3655ba,no_extraction,conductivity,0,17,0,0,0,0,17,0,,,0.0
0a3655ba,no_extraction,transport,0,2,0,0,0,0,2,0,,,0.0
0a3655ba,no_extraction,molecular_weight,0,3,0,0,0,0,3,0,,,0.0
0a3655ba,no_extraction,mechanical,0,0,0,0,0,0,0,0,,,
0a3655ba,no_extraction,processing,0,12,0,0,0,0,12,0,,,0.0
0a3655ba,no_extraction,classification,0,9,0,0,0,0,9,0,,,0.0
0a3655ba,no_extraction,fits,0,24,0,0,0,0,24,0,,,0.0
0a3655ba,no_extraction,curator_computed,0,9,0,0,0,0,9,0,,,0.0
0a3655ba,no_extraction,HEADLINE,0,46,0,0,0,0,46,0,,,0.0
1dba839e,ok,identity,24,78,8,0,12,4,54,0,0.3333,0.3333,0.1026
1dba839e,ok,thermal,8,26,0,0,0,8,18,0,0.0,0.0,0.0
1dba839e,ok,conductivity,4,13,0,0,0,4,9,0,0.0,0.0,0.0
1dba839e,ok,transport,8,26,6,0,2,0,18,0,0.75,0.75,0.2308
1dba839e,ok,molecular_weight,12,39,0,0,4,8,27,0,0.0,0.0,0.0
1dba839e,ok,mechanical,0,0,0,0,0,0,0,0,,,
1dba839e,ok,processing,16,52,12,0,0,4,36,0,0.75,0.75,0.2308
1dba839e,ok,classification,12,39,4,0,8,0,27,0,0.3333,0.3333,0.1026
1dba839e,ok,fits,0,0,0,0,0,0,0,0,,,
1dba839e,ok,curator_computed,8,26,0,0,4,4,18,4,0.0,0.0,0.0
1dba839e,ok,HEADLINE,56,182,14,0,18,24,126,0,0.25,0.25,0.0769
2c7161a7,ok,identity,12,48,12,0,0,0,36,3,1.0,1.0,0.25
2c7161a7,ok,thermal,9,36,7,0,2,0,27,6,0.7778,0.7778,0.1944
2c7161a7,ok,conductivity,26,52,0,0,0,26,26,0,0.0,0.0,0.0
2c7161a7,ok,transport,0,0,0,0,0,0,0,0,,,
2c7161a7,ok,molecular_weight,3,12,0,0,0,3,9,3,0.0,0.0,0.0
2c7161a7,ok,mechanical,0,0,0,0,0,0,0,0,,,
2c7161a7,ok,processing,12,48,9,0,0,3,36,0,0.75,0.75,0.1875
2c7161a7,ok,classification,9,36,9,0,0,0,27,0,1.0,1.0,0.25
2c7161a7,ok,fits,27,60,6,0,0,21,33,0,0.2222,0.2222,0.1
2c7161a7,ok,curator_computed,9,36,9,0,0,0,27,0,1.0,1.0,0.25
2c7161a7,ok,HEADLINE,50,148,19,0,2,29,98,12,0.38,0.38,0.1284
569ebb10,ok,identity,10,10,4,0,6,0,0,2,0.4,0.4,0.4
569ebb10,ok,thermal,4,4,3,0,1,0,0,2,0.75,0.75,0.75
569ebb10,ok,conductivity,26,26,0,0,3,23,0,0,0.0,0.0,0.0
569ebb10,ok,transport,4,4,0,0,0,4,0,4,0.0,0.0,0.0
569ebb10,ok,molecular_weight,2,2,0,0,2,0,0,2,0.0,0.0,0.0
569ebb10,ok,mechanical,0,0,0,0,0,0,0,0,,,
569ebb10,ok,processing,8,8,4,0,0,4,0,0,0.5,0.5,0.5
569ebb10,ok,classification,6,6,2,0,4,0,0,0,0.3333,0.3333,0.3333
569ebb10,ok,fits,16,16,0,0,0,16,0,0,0.0,0.0,0.0
569ebb10,ok,curator_computed,6,6,0,0,6,0,0,0,0.0,0.0,0.0
569ebb10,ok,HEADLINE,46,46,7,0,12,27,0,10,0.1522,0.1522,0.1522
663ed327,ok,identity,30,30,24,0,6,0,0,0,0.8,0.8,0.8
663ed327,ok,thermal,18,18,11,0,1,6,0,6,0.6111,0.6111,0.6111
663ed327,ok,conductivity,36,36,0,0,1,35,0,1,0.0,0.0,0.0
663ed327,ok,transport,0,0,0,0,0,0,0,0,,,
663ed327,ok,molecular_weight,18,18,2,0,0,16,0,0,0.1111,0.1111,0.1111
663ed327,ok,mechanical,0,0,0,0,0,0,0,0,,,
663ed327,ok,processing,24,24,18,0,0,6,0,0,0.75,0.75,0.75
663ed327,ok,classification,18,18,18,0,0,0,0,0,1.0,1.0,1.0
663ed327,ok,fits,48,48,0,0,0,48,0,0,0.0,0.0,0.0
663ed327,ok,curator_computed,12,12,0,0,12,0,0,6,0.0,0.0,0.0
663ed327,ok,HEADLINE,102,102,37,0,8,57,0,7,0.3627,0.3627,0.3627
