Polymer system Notes,Polymer family,Polymer,SMILES descriptor 1,SMILES descriptor 2,Comonomer percentage,Average functional group per monomer,Anion,Li:monomer,Li:functional group,salt wt%,Tg,Tg polymer without salt,Tm,Tm start,Tm end,% crystallinity,crystalline?,Conductivity at 0C,Conductivity at 15C,Conductivity at 20C,Conductivity at 21C,Conductivity at 25C,Conductivity at 27C,Conductivity at 30C,Conductivity at 35C,Conductivity at 40C,Conductivity at 45C,Conductivity at 50C,Conductivity at 55C,Conductivity at 60C,Conductivity at 65C,Conductivity at 70C,Conductivity at 75C,Conductivity at 80C,Conductivity at 85C,Conductivity at 90C,Conductivity at 100C,Conductivity at 110C,Conductivity at 125C,Transference number,T for transference,Transference notes,storage modulus,T for storage mod,youngs modulus (Mpa),viscosity (mPa s),VFT prefactor (S/cm*T^(1/2)),VFT activation energy (K),VFT T0 (degC),VFT Notes (above temp),VFT prefactor with set T0,VFT activation energy with fixed T0 (K),Fixed T0 (degC),Arrhenius Ea (eV) low T,Arrhenius Ea (eV) high T,Arrhenius Ea (eV) low T me,Arrhenius prefactor low T me (S/cm),Arrhenius Ea (eV),Arrhenius prefactor (S/cm),Arrhenius notes,Li diffusion coefficient cm^2/s,temperature for D_Li,X-ray structural data (aggregate? Distance?),PDI,Polymer Mn (kDa),Polymer Mw (kDa),chain architecture,Solvent used,drying temp,drying time (h),drying vacuum,Notes,DOI,Reference,Comonomer1 apol,Comonomer1 bpol,Comonomer1 nHBAcc,Comonomer1 nHBDon,Comonomer1 nRot,Comonomer1 RotRatio,Comonomer1 Vabc,Comonomer1 MW,Comonomer1 AMW,Comonomer1 nAcid,Comonomer1 nBase,Comonomer1 nAtom,Comonomer1 nHeavyAtom,Comonomer1 nSpiro,Comonomer1 nBridgehead,Comonomer1 nHetero,Comonomer1 nH,Comonomer1 nB,Comonomer1 nC,Comonomer1 nN,Comonomer1 nO,Comonomer1 nS,Comonomer1 nP,Comonomer1 nF,Comonomer1 nCl,Comonomer1 nBr,Comonomer1 nI,Comonomer1 nX,Comonomer1 ETA_alpha,Comonomer1 AETA_alpha,Comonomer1 ETA_shape_p,Comonomer1 ETA_shape_y,Comonomer1 ETA_shape_x,Comonomer1 ETA_beta,Comonomer1 AETA_beta,Comonomer1 ETA_beta_s,Comonomer1 AETA_beta_s,Comonomer1 ETA_beta_ns,Comonomer1 AETA_beta_ns,Comonomer1 ETA_beta_ns_d,Comonomer1 AETA_beta_ns_d,Comonomer1 ETA_eta,Comonomer1 AETA_eta,Comonomer1 ETA_eta_L,Comonomer1 AETA_eta_L,Comonomer1 ETA_eta_R,Comonomer1 AETA_eta_R,Comonomer1 ETA_eta_RL,Comonomer1 AETA_eta_RL,Comonomer1 ETA_eta_F,Comonomer1 AETA_eta_F,Comonomer1 ETA_eta_FL,Comonomer1 AETA_eta_FL,Comonomer1 ETA_eta_B,Comonomer1 AETA_eta_B,Comonomer1 ETA_eta_BR,Comonomer1 AETA_eta_BR,Comonomer1 ETA_dAlpha_A,Comonomer1 ETA_dAlpha_B,Comonomer1 ETA_epsilon_1,Comonomer1 ETA_epsilon_2,Comonomer1 ETA_epsilon_3,Comonomer1 ETA_epsilon_4,Comonomer1 ETA_epsilon_5,Comonomer1 ETA_dEpsilon_A,Comonomer1 ETA_dEpsilon_B,Comonomer1 ETA_dEpsilon_C,Comonomer1 ETA_dEpsilon_D,Comonomer1 ETA_dBeta,Comonomer1 AETA_dBeta,Comonomer1 ETA_psi_1,Comonomer1 ETA_dPsi_A,Comonomer1 ETA_dPsi_B,Comonomer1 Kier1,Comonomer1 Kier2,Comonomer2 apol,Comonomer2 bpol,Comonomer2 nHBAcc,Comonomer2 nHBDon,Comonomer2 nRot,Comonomer2 RotRatio,Comonomer2 Vabc,Comonomer2 MW,Comonomer2 AMW,Comonomer2 nAcid,Comonomer2 nBase,Comonomer2 nAtom,Comonomer2 nHeavyAtom,Comonomer2 nSpiro,Comonomer2 nBridgehead,Comonomer2 nHetero,Comonomer2 nH,Comonomer2 nB,Comonomer2 nC,Comonomer2 nN,Comonomer2 nO,Comonomer2 nS,Comonomer2 nP,Comonomer2 nF,Comonomer2 nCl,Comonomer2 nBr,Comonomer2 nI,Comonomer2 nX,Comonomer2 ETA_alpha,Comonomer2 AETA_alpha,Comonomer2 ETA_shape_p,Comonomer2 ETA_shape_y,Comonomer2 ETA_shape_x,Comonomer2 ETA_beta,Comonomer2 AETA_beta,Comonomer2 ETA_beta_s,Comonomer2 AETA_beta_s,Comonomer2 ETA_beta_ns,Comonomer2 AETA_beta_ns,Comonomer2 ETA_beta_ns_d,Comonomer2 AETA_beta_ns_d,Comonomer2 ETA_eta,Comonomer2 AETA_eta,Comonomer2 ETA_eta_L,Comonomer2 AETA_eta_L,Comonomer2 ETA_eta_R,Comonomer2 AETA_eta_R,Comonomer2 ETA_eta_RL,Comonomer2 AETA_eta_RL,Comonomer2 ETA_eta_F,Comonomer2 AETA_eta_F,Comonomer2 ETA_eta_FL,Comonomer2 AETA_eta_FL,Comonomer2 ETA_eta_B,Comonomer2 AETA_eta_B,Comonomer2 ETA_eta_BR,Comonomer2 AETA_eta_BR,Comonomer2 ETA_dAlpha_A,Comonomer2 ETA_dAlpha_B,Comonomer2 ETA_epsilon_1,Comonomer2 ETA_epsilon_2,Comonomer2 ETA_epsilon_3,Comonomer2 ETA_epsilon_4,Comonomer2 ETA_epsilon_5,Comonomer2 ETA_dEpsilon_A,Comonomer2 ETA_dEpsilon_B,Comonomer2 ETA_dEpsilon_C,Comonomer2 ETA_dEpsilon_D,Comonomer2 ETA_dBeta,Comonomer2 AETA_dBeta,Comonomer2 ETA_psi_1,Comonomer2 ETA_dPsi_A,Comonomer2 ETA_dPsi_B,Comonomer2 Kier1,Comonomer2 Kier2,Anion Smiles,anion apol,anion bpol,anion nHBAcc,anion nHBDon,anion nRot,anion RotRatio,anion Vabc,anion MW,anion AMW,anion nAcid,anion nBase,anion nAtom,anion nHeavyAtom,anion nSpiro,anion nBridgehead,anion nHetero,anion nH,anion nB,anion nC,anion nN,anion nO,anion nS,anion nP,anion nF,anion nCl,anion nBr,anion nI,anion nX,anion ETA_alpha,anion AETA_alpha,anion ETA_shape_p,anion ETA_shape_y,anion ETA_shape_x,anion ETA_beta,anion AETA_beta,anion ETA_beta_s,anion AETA_beta_s,anion ETA_beta_ns,anion AETA_beta_ns,anion ETA_beta_ns_d,anion AETA_beta_ns_d,anion ETA_eta,anion AETA_eta,anion ETA_eta_L,anion AETA_eta_L,anion ETA_eta_R,anion AETA_eta_R,anion ETA_eta_RL,anion AETA_eta_RL,anion ETA_eta_F,anion AETA_eta_F,anion ETA_eta_FL,anion AETA_eta_FL,anion ETA_eta_B,anion AETA_eta_B,anion ETA_eta_BR,anion AETA_eta_BR,anion ETA_dAlpha_A,anion ETA_dAlpha_B,anion ETA_epsilon_1,anion ETA_epsilon_2,anion ETA_epsilon_3,anion ETA_epsilon_4,anion ETA_epsilon_5,anion ETA_dEpsilon_A,anion ETA_dEpsilon_B,anion ETA_dEpsilon_C,anion ETA_dEpsilon_D,anion ETA_dBeta,anion AETA_dBeta,anion ETA_psi_1,anion ETA_dPsi_A,anion ETA_dPsi_B,anion Kier1,anion Kier2,solvent BP,approxTg,approxMW(kDa),Index
PEC purified by chloroform/methanol precipitation before casting electrolyte film from acetonitrile.,Polycarbonate,Poly(ethylene carbonate) (PEC),OCCOC=O,,,1,TFSI (bis(trifluoromethanesulfonyl)imide),0.0,0.0,0.0,,,,,,,,,,,,,,,,,,,,,,,,,,,,,,,,,,,,,,,,,,,,,,,,,,,,,,2.7,100,270,linear homopolymer,Acetonitrile,60,24,Yes,"salt wt%% calculated from mol%% using M(LiTFSI)=287.09, M(PEC repeat unit)=88.06 g/mol. Conductivity/Tg reported only via compressed multi-decade log-log Arrhenius/Walden plots (Figs. 3-5) with closely-spaced/crossing curves; not digitized (confidence too low to report numeric values responsibly).",10.1002/pat.3896,"Motomatsu, J.; Kodama, H.; Furukawa, T.; Tominaga, Y. Polym. Adv. Technol. 2017, 28, 362-366.",11.416758,8.623242,3.0,1.0,3.0,0.6,84.17863652604333,90.031694052,7.5026411710000005,0.0,0.0,12.0,6.0,0.0,0.0,3.0,6.0,0.0,3.0,0.0,3.0,0.0,0.0,0.0,0.0,0.0,0.0,0.0,2.5,0.4166666666666667,0.26666666666666666,0.0,0.0,5.0,0.8333333333333334,3.5,0.5833333333333334,1.5,0.25,0.0,0.0,2.501261751694562,0.41687695861576035,1.4693643483493084,0.24489405805821807,5.312944921610615,0.8854908202684358,2.914213562373095,0.48570226039551584,2.811683169916053,0.46861386165267555,1.4448492140237865,0.24080820233729774,0.0,0.0,0.0,0.0,0.0,0.08333333333333333,0.6916666666666665,1.0833333333333333,0.42000000000000004,0.6916666666666665,0.9714285714285714,0.2716666666666665,0.0,-0.2716666666666665,0.11190476190476184,-2.0,-0.3333333333333333,0.38461538461538464,0.32938461538461533,0.0,6.0,5.0,,,,,,,,,,,,,,,,,,,,,,,,,,,,,,,,,,,,,,,,,,,,,,,,,,,,,,,,,,,,,,,,,,,,,,,,,,,,[N-](S(=O)(=O)C(F)(F)F)S(=O)(=O)C(F)(F)F,16.79,21.13,4.0,0.0,2.0,0.14285714285714285,161.41127099674247,279.91784237991,18.661189491993998,1.0,0.0,15.0,15.0,0.0,0.0,13.0,0.0,0.0,2.0,1.0,4.0,2.0,0.0,6.0,0.0,0.0,0.0,6.0,6.114285714285714,0.4076190476190476,0.4984423676012461,0.0,0.43613707165109045,15.5,1.0333333333333334,9.5,0.6333333333333333,6.0,0.4,0.0,0.0,10.391891680516292,0.6927927787010861,3.0026918636094155,0.20017945757396102,27.659920629859347,1.8439947086572899,6.207106781186548,0.41380711874576986,17.268028949343055,1.1512019299562037,3.2044149175771324,0.2136276611718088,1.207106781186547,0.08047378541243647,1.207106781186547,0.08047378541243647,0.0,0.09238095238095241,1.4123809523809525,1.4123809523809525,0.42765957446808506,1.4123809523809525,1.4123809523809525,0.9847213779128674,0.0,-0.9847213779128674,0.0,-3.5,-0.23333333333333334,0.28860418071476734,0.4253958192852326,0.0,15.0,3.7856,81.6,,,1
PEC purified by chloroform/methanol precipitation before casting electrolyte film from acetonitrile.,Polycarbonate,Poly(ethylene carbonate) (PEC),OCCOC=O,,,1,TFSI (bis(trifluoromethanesulfonyl)imide),0.01,0.01,3.16,,,,,,,,,,,,,,,,,,,,,,,,,,,,,,,,,,,,,,,,,,,,,,,,,,,,,,2.7,100,270,linear homopolymer,Acetonitrile,60,24,Yes,"salt wt%% calculated from mol%% using M(LiTFSI)=287.09, M(PEC repeat unit)=88.06 g/mol. Conductivity/Tg reported only via compressed multi-decade log-log Arrhenius/Walden plots (Figs. 3-5) with closely-spaced/crossing curves; not digitized (confidence too low to report numeric values responsibly).",10.1002/pat.3896,"Motomatsu, J.; Kodama, H.; Furukawa, T.; Tominaga, Y. Polym. Adv. Technol. 2017, 28, 362-366.",11.416758,8.623242,3.0,1.0,3.0,0.6,84.17863652604333,90.031694052,7.5026411710000005,0.0,0.0,12.0,6.0,0.0,0.0,3.0,6.0,0.0,3.0,0.0,3.0,0.0,0.0,0.0,0.0,0.0,0.0,0.0,2.5,0.4166666666666667,0.26666666666666666,0.0,0.0,5.0,0.8333333333333334,3.5,0.5833333333333334,1.5,0.25,0.0,0.0,2.501261751694562,0.41687695861576035,1.4693643483493084,0.24489405805821807,5.312944921610615,0.8854908202684358,2.914213562373095,0.48570226039551584,2.811683169916053,0.46861386165267555,1.4448492140237865,0.24080820233729774,0.0,0.0,0.0,0.0,0.0,0.08333333333333333,0.6916666666666665,1.0833333333333333,0.42000000000000004,0.6916666666666665,0.9714285714285714,0.2716666666666665,0.0,-0.2716666666666665,0.11190476190476184,-2.0,-0.3333333333333333,0.38461538461538464,0.32938461538461533,0.0,6.0,5.0,,,,,,,,,,,,,,,,,,,,,,,,,,,,,,,,,,,,,,,,,,,,,,,,,,,,,,,,,,,,,,,,,,,,,,,,,,,,[N-](S(=O)(=O)C(F)(F)F)S(=O)(=O)C(F)(F)F,16.79,21.13,4.0,0.0,2.0,0.14285714285714285,161.41127099674247,279.91784237991,18.661189491993998,1.0,0.0,15.0,15.0,0.0,0.0,13.0,0.0,0.0,2.0,1.0,4.0,2.0,0.0,6.0,0.0,0.0,0.0,6.0,6.114285714285714,0.4076190476190476,0.4984423676012461,0.0,0.43613707165109045,15.5,1.0333333333333334,9.5,0.6333333333333333,6.0,0.4,0.0,0.0,10.391891680516292,0.6927927787010861,3.0026918636094155,0.20017945757396102,27.659920629859347,1.8439947086572899,6.207106781186548,0.41380711874576986,17.268028949343055,1.1512019299562037,3.2044149175771324,0.2136276611718088,1.207106781186547,0.08047378541243647,1.207106781186547,0.08047378541243647,0.0,0.09238095238095241,1.4123809523809525,1.4123809523809525,0.42765957446808506,1.4123809523809525,1.4123809523809525,0.9847213779128674,0.0,-0.9847213779128674,0.0,-3.5,-0.23333333333333334,0.28860418071476734,0.4253958192852326,0.0,15.0,3.7856,81.6,,,2
PEC purified by chloroform/methanol precipitation before casting electrolyte film from acetonitrile.,Polycarbonate,Poly(ethylene carbonate) (PEC),OCCOC=O,,,1,TFSI (bis(trifluoromethanesulfonyl)imide),0.1,0.1,24.59,,,,,,,,,,,,,,,,,,,,,,,,,,,,,,,,,,,,,,,,,,,,,,,,,,,,,,2.7,100,270,linear homopolymer,Acetonitrile,60,24,Yes,"salt wt%% calculated from mol%% using M(LiTFSI)=287.09, M(PEC repeat unit)=88.06 g/mol. Conductivity/Tg reported only via compressed multi-decade log-log Arrhenius/Walden plots (Figs. 3-5) with closely-spaced/crossing curves; not digitized (confidence too low to report numeric values responsibly).",10.1002/pat.3896,"Motomatsu, J.; Kodama, H.; Furukawa, T.; Tominaga, Y. Polym. Adv. Technol. 2017, 28, 362-366.",11.416758,8.623242,3.0,1.0,3.0,0.6,84.17863652604333,90.031694052,7.5026411710000005,0.0,0.0,12.0,6.0,0.0,0.0,3.0,6.0,0.0,3.0,0.0,3.0,0.0,0.0,0.0,0.0,0.0,0.0,0.0,2.5,0.4166666666666667,0.26666666666666666,0.0,0.0,5.0,0.8333333333333334,3.5,0.5833333333333334,1.5,0.25,0.0,0.0,2.501261751694562,0.41687695861576035,1.4693643483493084,0.24489405805821807,5.312944921610615,0.8854908202684358,2.914213562373095,0.48570226039551584,2.811683169916053,0.46861386165267555,1.4448492140237865,0.24080820233729774,0.0,0.0,0.0,0.0,0.0,0.08333333333333333,0.6916666666666665,1.0833333333333333,0.42000000000000004,0.6916666666666665,0.9714285714285714,0.2716666666666665,0.0,-0.2716666666666665,0.11190476190476184,-2.0,-0.3333333333333333,0.38461538461538464,0.32938461538461533,0.0,6.0,5.0,,,,,,,,,,,,,,,,,,,,,,,,,,,,,,,,,,,,,,,,,,,,,,,,,,,,,,,,,,,,,,,,,,,,,,,,,,,,[N-](S(=O)(=O)C(F)(F)F)S(=O)(=O)C(F)(F)F,16.79,21.13,4.0,0.0,2.0,0.14285714285714285,161.41127099674247,279.91784237991,18.661189491993998,1.0,0.0,15.0,15.0,0.0,0.0,13.0,0.0,0.0,2.0,1.0,4.0,2.0,0.0,6.0,0.0,0.0,0.0,6.0,6.114285714285714,0.4076190476190476,0.4984423676012461,0.0,0.43613707165109045,15.5,1.0333333333333334,9.5,0.6333333333333333,6.0,0.4,0.0,0.0,10.391891680516292,0.6927927787010861,3.0026918636094155,0.20017945757396102,27.659920629859347,1.8439947086572899,6.207106781186548,0.41380711874576986,17.268028949343055,1.1512019299562037,3.2044149175771324,0.2136276611718088,1.207106781186547,0.08047378541243647,1.207106781186547,0.08047378541243647,0.0,0.09238095238095241,1.4123809523809525,1.4123809523809525,0.42765957446808506,1.4123809523809525,1.4123809523809525,0.9847213779128674,0.0,-0.9847213779128674,0.0,-3.5,-0.23333333333333334,0.28860418071476734,0.4253958192852326,0.0,15.0,3.7856,81.6,,,3
PEC purified by chloroform/methanol precipitation before casting electrolyte film from acetonitrile.,Polycarbonate,Poly(ethylene carbonate) (PEC),OCCOC=O,,,1,TFSI (bis(trifluoromethanesulfonyl)imide),1.0,1.0,76.53,,,,,,,,,,,,,,,,,,,,,,,,,,,,,,,,,,,,,,,,,,,,,,,,,,,,,,2.7,100,270,linear homopolymer,Acetonitrile,60,24,Yes,"salt wt%% calculated from mol%% using M(LiTFSI)=287.09, M(PEC repeat unit)=88.06 g/mol. Conductivity/Tg reported only via compressed multi-decade log-log Arrhenius/Walden plots (Figs. 3-5) with closely-spaced/crossing curves; not digitized (confidence too low to report numeric values responsibly).",10.1002/pat.3896,"Motomatsu, J.; Kodama, H.; Furukawa, T.; Tominaga, Y. Polym. Adv. Technol. 2017, 28, 362-366.",11.416758,8.623242,3.0,1.0,3.0,0.6,84.17863652604333,90.031694052,7.5026411710000005,0.0,0.0,12.0,6.0,0.0,0.0,3.0,6.0,0.0,3.0,0.0,3.0,0.0,0.0,0.0,0.0,0.0,0.0,0.0,2.5,0.4166666666666667,0.26666666666666666,0.0,0.0,5.0,0.8333333333333334,3.5,0.5833333333333334,1.5,0.25,0.0,0.0,2.501261751694562,0.41687695861576035,1.4693643483493084,0.24489405805821807,5.312944921610615,0.8854908202684358,2.914213562373095,0.48570226039551584,2.811683169916053,0.46861386165267555,1.4448492140237865,0.24080820233729774,0.0,0.0,0.0,0.0,0.0,0.08333333333333333,0.6916666666666665,1.0833333333333333,0.42000000000000004,0.6916666666666665,0.9714285714285714,0.2716666666666665,0.0,-0.2716666666666665,0.11190476190476184,-2.0,-0.3333333333333333,0.38461538461538464,0.32938461538461533,0.0,6.0,5.0,,,,,,,,,,,,,,,,,,,,,,,,,,,,,,,,,,,,,,,,,,,,,,,,,,,,,,,,,,,,,,,,,,,,,,,,,,,,[N-](S(=O)(=O)C(F)(F)F)S(=O)(=O)C(F)(F)F,16.79,21.13,4.0,0.0,2.0,0.14285714285714285,161.41127099674247,279.91784237991,18.661189491993998,1.0,0.0,15.0,15.0,0.0,0.0,13.0,0.0,0.0,2.0,1.0,4.0,2.0,0.0,6.0,0.0,0.0,0.0,6.0,6.114285714285714,0.4076190476190476,0.4984423676012461,0.0,0.43613707165109045,15.5,1.0333333333333334,9.5,0.6333333333333333,6.0,0.4,0.0,0.0,10.391891680516292,0.6927927787010861,3.0026918636094155,0.20017945757396102,27.659920629859347,1.8439947086572899,6.207106781186548,0.41380711874576986,17.268028949343055,1.1512019299562037,3.2044149175771324,0.2136276611718088,1.207106781186547,0.08047378541243647,1.207106781186547,0.08047378541243647,0.0,0.09238095238095241,1.4123809523809525,1.4123809523809525,0.42765957446808506,1.4123809523809525,1.4123809523809525,0.9847213779128674,0.0,-0.9847213779128674,0.0,-3.5,-0.23333333333333334,0.28860418071476734,0.4253958192852326,0.0,15.0,3.7856,81.6,,,4
PEC purified by chloroform/methanol precipitation before casting electrolyte film from acetonitrile.,Polycarbonate,Poly(ethylene carbonate) (PEC),OCCOC=O,,,1,TFSI (bis(trifluoromethanesulfonyl)imide),2.0,2.0,86.7,,,,,,,,,,,,,,,,,,,,,,,,,,,,,,,,,,,,,,,,,,,,,,,,,,,,,,2.7,100,270,linear homopolymer,Acetonitrile,60,24,Yes,"salt wt%% calculated from mol%% using M(LiTFSI)=287.09, M(PEC repeat unit)=88.06 g/mol. Conductivity/Tg reported only via compressed multi-decade log-log Arrhenius/Walden plots (Figs. 3-5) with closely-spaced/crossing curves; not digitized (confidence too low to report numeric values responsibly).",10.1002/pat.3896,"Motomatsu, J.; Kodama, H.; Furukawa, T.; Tominaga, Y. Polym. Adv. Technol. 2017, 28, 362-366.",11.416758,8.623242,3.0,1.0,3.0,0.6,84.17863652604333,90.031694052,7.5026411710000005,0.0,0.0,12.0,6.0,0.0,0.0,3.0,6.0,0.0,3.0,0.0,3.0,0.0,0.0,0.0,0.0,0.0,0.0,0.0,2.5,0.4166666666666667,0.26666666666666666,0.0,0.0,5.0,0.8333333333333334,3.5,0.5833333333333334,1.5,0.25,0.0,0.0,2.501261751694562,0.41687695861576035,1.4693643483493084,0.24489405805821807,5.312944921610615,0.8854908202684358,2.914213562373095,0.48570226039551584,2.811683169916053,0.46861386165267555,1.4448492140237865,0.24080820233729774,0.0,0.0,0.0,0.0,0.0,0.08333333333333333,0.6916666666666665,1.0833333333333333,0.42000000000000004,0.6916666666666665,0.9714285714285714,0.2716666666666665,0.0,-0.2716666666666665,0.11190476190476184,-2.0,-0.3333333333333333,0.38461538461538464,0.32938461538461533,0.0,6.0,5.0,,,,,,,,,,,,,,,,,,,,,,,,,,,,,,,,,,,,,,,,,,,,,,,,,,,,,,,,,,,,,,,,,,,,,,,,,,,,[N-](S(=O)(=O)C(F)(F)F)S(=O)(=O)C(F)(F)F,16.79,21.13,4.0,0.0,2.0,0.14285714285714285,161.41127099674247,279.91784237991,18.661189491993998,1.0,0.0,15.0,15.0,0.0,0.0,13.0,0.0,0.0,2.0,1.0,4.0,2.0,0.0,6.0,0.0,0.0,0.0,6.0,6.114285714285714,0.4076190476190476,0.4984423676012461,0.0,0.43613707165109045,15.5,1.0333333333333334,9.5,0.6333333333333333,6.0,0.4,0.0,0.0,10.391891680516292,0.6927927787010861,3.0026918636094155,0.20017945757396102,27.659920629859347,1.8439947086572899,6.207106781186548,0.41380711874576986,17.268028949343055,1.1512019299562037,3.2044149175771324,0.2136276611718088,1.207106781186547,0.08047378541243647,1.207106781186547,0.08047378541243647,0.0,0.09238095238095241,1.4123809523809525,1.4123809523809525,0.42765957446808506,1.4123809523809525,1.4123809523809525,0.9847213779128674,0.0,-0.9847213779128674,0.0,-3.5,-0.23333333333333334,0.28860418071476734,0.4253958192852326,0.0,15.0,3.7856,81.6,,,5
[Li]/[O] = 1/1,Other (cyclic carbonyl / imidazolinone polymer),"Poly(1,3-diacetyl-4-imidazolin-2-one) (poly(AcIM))",O=C1N(C(C)=O)CCN1C(C)=O,,,3,TFSI (bis(trifluoromethanesulfonimide)),3.0,1.0,,24.2,,,,,,No,,,,,,,1.3e-08,,,,,,,,,,6e-06,,,,,,,,,,,,,,,,,,,,,,,,,,,,,,,47,,linear homopolymer,Acetonitrile,90,24,Yes,"Conductivity at this ratio not stated numerically in text; visually estimated from Fig. 1 (log sigma vs 1000/T), low-moderate confidence, anchored against the exact text-stated 1/3-ratio curve. No Tm detected up to 110C by DSC (amorphous).",10.1007/s00289-006-0567-6,"Mitsuda, H.; Uno, T.; Kubo, M.; Itoh, T. Polym. Bull. 2006, 57, 313-319.",22.963929999999998,16.05607,3.0,0.0,0.0,0.0,157.72672177368685,170.06914218,7.730415553636363,0.0,0.0,22.0,12.0,0.0,0.0,5.0,10.0,0.0,7.0,2.0,3.0,0.0,0.0,0.0,0.0,0.0,0.0,0.0,5.3,0.44166666666666665,0.37735849056603776,0.43396226415094336,0.0,12.75,1.0625,8.25,0.6875,4.5,0.375,0.0,0.0,7.849195986795093,0.6540996655662578,2.7474129128420106,0.22895107607016754,16.553016054848005,1.379418004570667,5.5365812602091875,0.46138177168409894,8.703820068052913,0.7253183390044095,2.789168347367177,0.2324306956139314,0.3776323021639074,0.03146935851365895,0.4636323021639074,0.03863602518032561,0.0,0.05833333333333335,0.6590909090909091,0.9583333333333334,0.43333333333333335,0.6590909090909091,0.9583333333333334,0.2257575757575757,0.0,-0.2257575757575757,0.0,-3.75,-0.3125,0.4608695652173913,0.25313043478260866,0.0,10.083333333333334,3.8062283737024223,,,,,,,,,,,,,,,,,,,,,,,,,,,,,,,,,,,,,,,,,,,,,,,,,,,,,,,,,,,,,,,,,,,,,,,,,,,,[N-](S(=O)(=O)C(F)(F)F)S(=O)(=O)C(F)(F)F,16.79,21.13,4.0,0.0,2.0,0.14285714285714285,161.41127099674247,279.91784237991,18.661189491993998,1.0,0.0,15.0,15.0,0.0,0.0,13.0,0.0,0.0,2.0,1.0,4.0,2.0,0.0,6.0,0.0,0.0,0.0,6.0,6.114285714285714,0.4076190476190476,0.4984423676012461,0.0,0.43613707165109045,15.5,1.0333333333333334,9.5,0.6333333333333333,6.0,0.4,0.0,0.0,10.391891680516292,0.6927927787010861,3.0026918636094155,0.20017945757396102,27.659920629859347,1.8439947086572899,6.207106781186548,0.41380711874576986,17.268028949343055,1.1512019299562037,3.2044149175771324,0.2136276611718088,1.207106781186547,0.08047378541243647,1.207106781186547,0.08047378541243647,0.0,0.09238095238095241,1.4123809523809525,1.4123809523809525,0.42765957446808506,1.4123809523809525,1.4123809523809525,0.9847213779128674,0.0,-0.9847213779128674,0.0,-3.5,-0.23333333333333334,0.28860418071476734,0.4253958192852326,0.0,15.0,3.7856,81.6,,,6
[Li]/[O] = 1/1.5,Other (cyclic carbonyl / imidazolinone polymer),"Poly(1,3-diacetyl-4-imidazolin-2-one) (poly(AcIM))",O=C1N(C(C)=O)CCN1C(C)=O,,,3,TFSI (bis(trifluoromethanesulfonimide)),2.0,0.667,,34.7,,,,,,No,,,,,,,1e-07,,,,,,,,,,2.5e-05,,,,,,,,,,,,,,,,,,,,,,,,,,,,,,,47,,linear homopolymer,Acetonitrile,90,24,Yes,"Conductivity at this ratio not stated numerically in text; visually estimated from Fig. 1, low-moderate confidence. No Tm detected up to 110C by DSC (amorphous).",10.1007/s00289-006-0567-6,"Mitsuda, H.; Uno, T.; Kubo, M.; Itoh, T. Polym. Bull. 2006, 57, 313-319.",22.963929999999998,16.05607,3.0,0.0,0.0,0.0,157.72672177368685,170.06914218,7.730415553636363,0.0,0.0,22.0,12.0,0.0,0.0,5.0,10.0,0.0,7.0,2.0,3.0,0.0,0.0,0.0,0.0,0.0,0.0,0.0,5.3,0.44166666666666665,0.37735849056603776,0.43396226415094336,0.0,12.75,1.0625,8.25,0.6875,4.5,0.375,0.0,0.0,7.849195986795093,0.6540996655662578,2.7474129128420106,0.22895107607016754,16.553016054848005,1.379418004570667,5.5365812602091875,0.46138177168409894,8.703820068052913,0.7253183390044095,2.789168347367177,0.2324306956139314,0.3776323021639074,0.03146935851365895,0.4636323021639074,0.03863602518032561,0.0,0.05833333333333335,0.6590909090909091,0.9583333333333334,0.43333333333333335,0.6590909090909091,0.9583333333333334,0.2257575757575757,0.0,-0.2257575757575757,0.0,-3.75,-0.3125,0.4608695652173913,0.25313043478260866,0.0,10.083333333333334,3.8062283737024223,,,,,,,,,,,,,,,,,,,,,,,,,,,,,,,,,,,,,,,,,,,,,,,,,,,,,,,,,,,,,,,,,,,,,,,,,,,,[N-](S(=O)(=O)C(F)(F)F)S(=O)(=O)C(F)(F)F,16.79,21.13,4.0,0.0,2.0,0.14285714285714285,161.41127099674247,279.91784237991,18.661189491993998,1.0,0.0,15.0,15.0,0.0,0.0,13.0,0.0,0.0,2.0,1.0,4.0,2.0,0.0,6.0,0.0,0.0,0.0,6.0,6.114285714285714,0.4076190476190476,0.4984423676012461,0.0,0.43613707165109045,15.5,1.0333333333333334,9.5,0.6333333333333333,6.0,0.4,0.0,0.0,10.391891680516292,0.6927927787010861,3.0026918636094155,0.20017945757396102,27.659920629859347,1.8439947086572899,6.207106781186548,0.41380711874576986,17.268028949343055,1.1512019299562037,3.2044149175771324,0.2136276611718088,1.207106781186547,0.08047378541243647,1.207106781186547,0.08047378541243647,0.0,0.09238095238095241,1.4123809523809525,1.4123809523809525,0.42765957446808506,1.4123809523809525,1.4123809523809525,0.9847213779128674,0.0,-0.9847213779128674,0.0,-3.5,-0.23333333333333334,0.28860418071476734,0.4253958192852326,0.0,15.0,3.7856,81.6,,,7
[Li]/[O] = 1/3,Other (cyclic carbonyl / imidazolinone polymer),"Poly(1,3-diacetyl-4-imidazolin-2-one) (poly(AcIM))",O=C1N(C(C)=O)CCN1C(C)=O,,,3,TFSI (bis(trifluoromethanesulfonimide)),1.0,0.333,,32.2,,,,,,No,,,,,,,1.7e-06,,,,,,,,,,8.5e-05,,,,,,,,,,,,,,,,,,,,,,,,,,,,,,,47,,linear homopolymer,Acetonitrile,90,24,Yes,Conductivity values stated explicitly in text (highest-conductivity sample). No Tm detected up to 110C by DSC (amorphous).,10.1007/s00289-006-0567-6,"Mitsuda, H.; Uno, T.; Kubo, M.; Itoh, T. Polym. Bull. 2006, 57, 313-319.",22.963929999999998,16.05607,3.0,0.0,0.0,0.0,157.72672177368685,170.06914218,7.730415553636363,0.0,0.0,22.0,12.0,0.0,0.0,5.0,10.0,0.0,7.0,2.0,3.0,0.0,0.0,0.0,0.0,0.0,0.0,0.0,5.3,0.44166666666666665,0.37735849056603776,0.43396226415094336,0.0,12.75,1.0625,8.25,0.6875,4.5,0.375,0.0,0.0,7.849195986795093,0.6540996655662578,2.7474129128420106,0.22895107607016754,16.553016054848005,1.379418004570667,5.5365812602091875,0.46138177168409894,8.703820068052913,0.7253183390044095,2.789168347367177,0.2324306956139314,0.3776323021639074,0.03146935851365895,0.4636323021639074,0.03863602518032561,0.0,0.05833333333333335,0.6590909090909091,0.9583333333333334,0.43333333333333335,0.6590909090909091,0.9583333333333334,0.2257575757575757,0.0,-0.2257575757575757,0.0,-3.75,-0.3125,0.4608695652173913,0.25313043478260866,0.0,10.083333333333334,3.8062283737024223,,,,,,,,,,,,,,,,,,,,,,,,,,,,,,,,,,,,,,,,,,,,,,,,,,,,,,,,,,,,,,,,,,,,,,,,,,,,[N-](S(=O)(=O)C(F)(F)F)S(=O)(=O)C(F)(F)F,16.79,21.13,4.0,0.0,2.0,0.14285714285714285,161.41127099674247,279.91784237991,18.661189491993998,1.0,0.0,15.0,15.0,0.0,0.0,13.0,0.0,0.0,2.0,1.0,4.0,2.0,0.0,6.0,0.0,0.0,0.0,6.0,6.114285714285714,0.4076190476190476,0.4984423676012461,0.0,0.43613707165109045,15.5,1.0333333333333334,9.5,0.6333333333333333,6.0,0.4,0.0,0.0,10.391891680516292,0.6927927787010861,3.0026918636094155,0.20017945757396102,27.659920629859347,1.8439947086572899,6.207106781186548,0.41380711874576986,17.268028949343055,1.1512019299562037,3.2044149175771324,0.2136276611718088,1.207106781186547,0.08047378541243647,1.207106781186547,0.08047378541243647,0.0,0.09238095238095241,1.4123809523809525,1.4123809523809525,0.42765957446808506,1.4123809523809525,1.4123809523809525,0.9847213779128674,0.0,-0.9847213779128674,0.0,-3.5,-0.23333333333333334,0.28860418071476734,0.4253958192852326,0.0,15.0,3.7856,81.6,,,8
[Li]/[O] = 1/9,Other (cyclic carbonyl / imidazolinone polymer),"Poly(1,3-diacetyl-4-imidazolin-2-one) (poly(AcIM))",O=C1N(C(C)=O)CCN1C(C)=O,,,3,TFSI (bis(trifluoromethanesulfonimide)),0.333,0.111,,39.1,,,,,,No,,,,,,,,,,,,,,,,,5e-08,,,,,,,,,,,,,,,,,,,,,,,,,,,,,,,47,,linear homopolymer,Acetonitrile,90,24,Yes,"Conductivity at this ratio not stated numerically in text; visually estimated from Fig. 1, low confidence (curve near bottom of plotted range). No Tm detected up to 110C by DSC (amorphous).",10.1007/s00289-006-0567-6,"Mitsuda, H.; Uno, T.; Kubo, M.; Itoh, T. Polym. Bull. 2006, 57, 313-319.",22.963929999999998,16.05607,3.0,0.0,0.0,0.0,157.72672177368685,170.06914218,7.730415553636363,0.0,0.0,22.0,12.0,0.0,0.0,5.0,10.0,0.0,7.0,2.0,3.0,0.0,0.0,0.0,0.0,0.0,0.0,0.0,5.3,0.44166666666666665,0.37735849056603776,0.43396226415094336,0.0,12.75,1.0625,8.25,0.6875,4.5,0.375,0.0,0.0,7.849195986795093,0.6540996655662578,2.7474129128420106,0.22895107607016754,16.553016054848005,1.379418004570667,5.5365812602091875,0.46138177168409894,8.703820068052913,0.7253183390044095,2.789168347367177,0.2324306956139314,0.3776323021639074,0.03146935851365895,0.4636323021639074,0.03863602518032561,0.0,0.05833333333333335,0.6590909090909091,0.9583333333333334,0.43333333333333335,0.6590909090909091,0.9583333333333334,0.2257575757575757,0.0,-0.2257575757575757,0.0,-3.75,-0.3125,0.4608695652173913,0.25313043478260866,0.0,10.083333333333334,3.8062283737024223,,,,,,,,,,,,,,,,,,,,,,,,,,,,,,,,,,,,,,,,,,,,,,,,,,,,,,,,,,,,,,,,,,,,,,,,,,,,[N-](S(=O)(=O)C(F)(F)F)S(=O)(=O)C(F)(F)F,16.79,21.13,4.0,0.0,2.0,0.14285714285714285,161.41127099674247,279.91784237991,18.661189491993998,1.0,0.0,15.0,15.0,0.0,0.0,13.0,0.0,0.0,2.0,1.0,4.0,2.0,0.0,6.0,0.0,0.0,0.0,6.0,6.114285714285714,0.4076190476190476,0.4984423676012461,0.0,0.43613707165109045,15.5,1.0333333333333334,9.5,0.6333333333333333,6.0,0.4,0.0,0.0,10.391891680516292,0.6927927787010861,3.0026918636094155,0.20017945757396102,27.659920629859347,1.8439947086572899,6.207106781186548,0.41380711874576986,17.268028949343055,1.1512019299562037,3.2044149175771324,0.2136276611718088,1.207106781186547,0.08047378541243647,1.207106781186547,0.08047378541243647,0.0,0.09238095238095241,1.4123809523809525,1.4123809523809525,0.42765957446808506,1.4123809523809525,1.4123809523809525,0.9847213779128674,0.0,-0.9847213779128674,0.0,-3.5,-0.23333333333333334,0.28860418071476734,0.4253958192852326,0.0,15.0,3.7856,81.6,,,9
AcIM/VC = 76/24 mol% (elemental-analysis composition 75.6/24.4); [Li]/[O] = 1/3,Poly(imidazolinone-co-carbonate),Poly(AcIM-co-VC),O=C1N(C(C)=O)CCN1C(C)=O,O=C1OCCO1,75.6/24.4,3,TFSI (bis(trifluoromethanesulfonimide)),1.0,0.333,,32.4,,,,,,No,,,,,,,3.2e-06,,,,,,,,,,0.0002,,,,,,,,,,,,,,,,,,,,,,,,,,,,,,,110,,linear random copolymer,Acetone,90,24,Yes,"Conductivity not stated numerically for this composition; visually estimated from Fig. 2, moderate confidence (interpolated between the 100/0 and 39/61 anchor curves). No Tm detected up to 110C by DSC (amorphous).",10.1007/s00289-006-0567-6,"Mitsuda, H.; Uno, T.; Kubo, M.; Itoh, T. Polym. Bull. 2006, 57, 313-319.",22.963929999999998,16.05607,3.0,0.0,0.0,0.0,157.72672177368685,170.06914218,7.730415553636363,0.0,0.0,22.0,12.0,0.0,0.0,5.0,10.0,0.0,7.0,2.0,3.0,0.0,0.0,0.0,0.0,0.0,0.0,0.0,5.3,0.44166666666666665,0.37735849056603776,0.43396226415094336,0.0,12.75,1.0625,8.25,0.6875,4.5,0.375,0.0,0.0,7.849195986795093,0.6540996655662578,2.7474129128420106,0.22895107607016754,16.553016054848005,1.379418004570667,5.5365812602091875,0.46138177168409894,8.703820068052913,0.7253183390044095,2.789168347367177,0.2324306956139314,0.3776323021639074,0.03146935851365895,0.4636323021639074,0.03863602518032561,0.0,0.05833333333333335,0.6590909090909091,0.9583333333333334,0.43333333333333335,0.6590909090909091,0.9583333333333334,0.2257575757575757,0.0,-0.2257575757575757,0.0,-3.75,-0.3125,0.4608695652173913,0.25313043478260866,0.0,10.083333333333334,3.8062283737024223,10.083172,8.352827999999999,3.0,0.0,0.0,0.0,71.82217757830159,88.016043988,8.8016043988,0.0,0.0,10.0,6.0,0.0,0.0,3.0,4.0,0.0,3.0,0.0,3.0,0.0,0.0,0.0,0.0,0.0,0.0,0.0,2.5,0.4166666666666667,0.13333333333333333,0.2,0.0,5.75,0.9583333333333334,4.25,0.7083333333333334,1.5,0.25,0.0,0.0,2.465021119739008,0.4108368532898347,1.4810956541147533,0.2468492756857922,5.230606442558794,0.8717677404264657,2.8938468501173515,0.48230780835289194,2.7655853228197858,0.46093088713663094,1.4127511960025982,0.2354585326670997,0.02036671225574338,0.0033944520426238967,0.10636671225574337,0.01772778537595723,0.0,0.08333333333333333,0.7699999999999999,1.0833333333333333,0.43333333333333335,0.7699999999999999,1.0833333333333333,0.33666666666666656,0.0,-0.33666666666666656,0.0,-2.75,-0.4583333333333333,0.38461538461538464,0.32938461538461533,0.0,4.166666666666667,1.6326530612244898,[N-](S(=O)(=O)C(F)(F)F)S(=O)(=O)C(F)(F)F,16.79,21.13,4.0,0.0,2.0,0.14285714285714285,161.41127099674247,279.91784237991,18.661189491993998,1.0,0.0,15.0,15.0,0.0,0.0,13.0,0.0,0.0,2.0,1.0,4.0,2.0,0.0,6.0,0.0,0.0,0.0,6.0,6.114285714285714,0.4076190476190476,0.4984423676012461,0.0,0.43613707165109045,15.5,1.0333333333333334,9.5,0.6333333333333333,6.0,0.4,0.0,0.0,10.391891680516292,0.6927927787010861,3.0026918636094155,0.20017945757396102,27.659920629859347,1.8439947086572899,6.207106781186548,0.41380711874576986,17.268028949343055,1.1512019299562037,3.2044149175771324,0.2136276611718088,1.207106781186547,0.08047378541243647,1.207106781186547,0.08047378541243647,0.0,0.09238095238095241,1.4123809523809525,1.4123809523809525,0.42765957446808506,1.4123809523809525,1.4123809523809525,0.9847213779128674,0.0,-0.9847213779128674,0.0,-3.5,-0.23333333333333334,0.28860418071476734,0.4253958192852326,0.0,15.0,3.7856,56.0,,,10
AcIM/VC = 39/61 mol% (elemental-analysis composition 39.4/60.6); [Li]/[O] = 1/3,Poly(imidazolinone-co-carbonate),Poly(AcIM-co-VC),O=C1N(C(C)=O)CCN1C(C)=O,O=C1OCCO1,39.4/60.6,3,TFSI (bis(trifluoromethanesulfonimide)),1.0,0.333,,24.6,,,,,,No,6.1e-06,,,,,,6.7e-05,,,,,,,,,,0.0007,,,,,,,,,,,,,,,,,,,,,,,,,,,,,,,260,,linear random copolymer,Acetone,90,24,Yes,Conductivity values stated explicitly in text (highest-conductivity copolymer). No Tm detected up to 110C by DSC (amorphous).,10.1007/s00289-006-0567-6,"Mitsuda, H.; Uno, T.; Kubo, M.; Itoh, T. Polym. Bull. 2006, 57, 313-319.",22.963929999999998,16.05607,3.0,0.0,0.0,0.0,157.72672177368685,170.06914218,7.730415553636363,0.0,0.0,22.0,12.0,0.0,0.0,5.0,10.0,0.0,7.0,2.0,3.0,0.0,0.0,0.0,0.0,0.0,0.0,0.0,5.3,0.44166666666666665,0.37735849056603776,0.43396226415094336,0.0,12.75,1.0625,8.25,0.6875,4.5,0.375,0.0,0.0,7.849195986795093,0.6540996655662578,2.7474129128420106,0.22895107607016754,16.553016054848005,1.379418004570667,5.5365812602091875,0.46138177168409894,8.703820068052913,0.7253183390044095,2.789168347367177,0.2324306956139314,0.3776323021639074,0.03146935851365895,0.4636323021639074,0.03863602518032561,0.0,0.05833333333333335,0.6590909090909091,0.9583333333333334,0.43333333333333335,0.6590909090909091,0.9583333333333334,0.2257575757575757,0.0,-0.2257575757575757,0.0,-3.75,-0.3125,0.4608695652173913,0.25313043478260866,0.0,10.083333333333334,3.8062283737024223,10.083172,8.352827999999999,3.0,0.0,0.0,0.0,71.82217757830159,88.016043988,8.8016043988,0.0,0.0,10.0,6.0,0.0,0.0,3.0,4.0,0.0,3.0,0.0,3.0,0.0,0.0,0.0,0.0,0.0,0.0,0.0,2.5,0.4166666666666667,0.13333333333333333,0.2,0.0,5.75,0.9583333333333334,4.25,0.7083333333333334,1.5,0.25,0.0,0.0,2.465021119739008,0.4108368532898347,1.4810956541147533,0.2468492756857922,5.230606442558794,0.8717677404264657,2.8938468501173515,0.48230780835289194,2.7655853228197858,0.46093088713663094,1.4127511960025982,0.2354585326670997,0.02036671225574338,0.0033944520426238967,0.10636671225574337,0.01772778537595723,0.0,0.08333333333333333,0.7699999999999999,1.0833333333333333,0.43333333333333335,0.7699999999999999,1.0833333333333333,0.33666666666666656,0.0,-0.33666666666666656,0.0,-2.75,-0.4583333333333333,0.38461538461538464,0.32938461538461533,0.0,4.166666666666667,1.6326530612244898,[N-](S(=O)(=O)C(F)(F)F)S(=O)(=O)C(F)(F)F,16.79,21.13,4.0,0.0,2.0,0.14285714285714285,161.41127099674247,279.91784237991,18.661189491993998,1.0,0.0,15.0,15.0,0.0,0.0,13.0,0.0,0.0,2.0,1.0,4.0,2.0,0.0,6.0,0.0,0.0,0.0,6.0,6.114285714285714,0.4076190476190476,0.4984423676012461,0.0,0.43613707165109045,15.5,1.0333333333333334,9.5,0.6333333333333333,6.0,0.4,0.0,0.0,10.391891680516292,0.6927927787010861,3.0026918636094155,0.20017945757396102,27.659920629859347,1.8439947086572899,6.207106781186548,0.41380711874576986,17.268028949343055,1.1512019299562037,3.2044149175771324,0.2136276611718088,1.207106781186547,0.08047378541243647,1.207106781186547,0.08047378541243647,0.0,0.09238095238095241,1.4123809523809525,1.4123809523809525,0.42765957446808506,1.4123809523809525,1.4123809523809525,0.9847213779128674,0.0,-0.9847213779128674,0.0,-3.5,-0.23333333333333334,0.28860418071476734,0.4253958192852326,0.0,15.0,3.7856,56.0,,,11
"PEO reported only as 'average molecular weight' 6x10^6 (type Mn/Mw/Mv not specified) -> placed in Mw column. Raw PEO powder pre-dried at 50C under vacuum for 48h before use (this is powder pretreatment, not the final film-drying step, which was RT solvent evaporation).",Polyether,Poly(ethylene oxide) (PEO),CCO,,,1,PF6 (hexafluorophosphate),0.0,0.0,0,,,69,,,100,Yes,,,,,,,5.28e-10,,,,,,,,,,,,,,,,,,,,,,,,,,,,,,,,,,,,,,,,,,6000,linear homopolymer,Acetonitrile,25,,No,"Li:monomer calculated from stated wt% using M(LiPF6)=151.905, M(EO repeat unit)=44.05 g/mol. Pure PEO conductivity value stated explicitly in text (at 303 K).",10.1007/s11581-011-0524-8,"Ibrahim, S.; Yassin, M. M.; Ahmad, R.; Johan, M. R. Ionics 2011, 17, 399-405.",8.142758,6.019242,1.0,1.0,0.0,0.0,51.93865634694684,46.041864812,5.115762756888889,0.0,0.0,9.0,3.0,0.0,0.0,1.0,6.0,0.0,2.0,0.0,1.0,0.0,0.0,0.0,0.0,0.0,0.0,0.0,1.3333333333333333,0.4444444444444444,0.625,0.0,0.0,1.25,0.4166666666666667,1.25,0.4166666666666667,0.0,0.0,0.0,0.0,1.387425886722793,0.46247529557426437,1.0540925533894598,0.35136418446315326,1.914213562373095,0.6380711874576983,1.4142135623730951,0.47140452079103173,0.5267876756503018,0.17559589188343394,0.3601210089836353,0.12004033632787843,0.0,0.0,0.0,0.0,0.0,0.05555555555555558,0.5185185185185185,0.9555555555555554,0.4090909090909091,0.5185185185185185,0.7916666666666666,0.10942760942760937,0.0,-0.10942760942760937,0.16388888888888875,-1.25,-0.4166666666666667,0.4651162790697675,0.24888372093023248,0.0,3.0,2.0,,,,,,,,,,,,,,,,,,,,,,,,,,,,,,,,,,,,,,,,,,,,,,,,,,,,,,,,,,,,,,,,,,,,,,,,,,,,F[P-](F)(F)(F)(F)F,6.972,18.438,0.0,0.0,0.0,0.0,68.74375504038632,144.96472952991002,20.70924707570143,1.0,0.0,7.0,7.0,0.0,0.0,7.0,0.0,0.0,0.0,0.0,0.0,0.0,1.0,6.0,0.0,0.0,0.0,6.0,2.7142857142857144,0.38775510204081637,0.631578947368421,0.0,0.0,4.5,0.6428571428571429,4.5,0.6428571428571429,0.0,0.0,0.0,0.0,4.602885979030796,0.6575551398615422,1.7457431218879391,0.24939187455541986,,,,,,,,,,,,,,,1.626530612244898,1.626530612244898,,1.626530612244898,1.626530612244898,,0.0,,0.0,-4.5,-0.6428571428571429,0.2383939774153074,0.47560602258469253,0.0,7.0,0.6666666666666666,81.6,,,12
"PEO reported only as 'average molecular weight' 6x10^6 (type Mn/Mw/Mv not specified) -> placed in Mw column. Raw PEO powder pre-dried at 50C under vacuum for 48h before use (this is powder pretreatment, not the final film-drying step, which was RT solvent evaporation).",Polyether,Poly(ethylene oxide) (PEO),CCO,,,1,PF6 (hexafluorophosphate),0.01526,0.01526,5,,,72,,,183,Yes,,,,,,,5e-06,,,,,,,,,,,,,,,,,,,,,,,,,,,,,,,,,,,,,,,,,,6000,linear homopolymer,Acetonitrile,25,,No,"Li:monomer calculated from stated wt% using M(LiPF6)=151.905, M(EO repeat unit)=44.05 g/mol. Conductivity visually estimated from Fig. 4 (ln(sigma) vs 1000/T) at 303K, anchored using the exact text-stated 0 wt% and 20 wt% values; moderate confidence.",10.1007/s11581-011-0524-8,"Ibrahim, S.; Yassin, M. M.; Ahmad, R.; Johan, M. R. Ionics 2011, 17, 399-405.",8.142758,6.019242,1.0,1.0,0.0,0.0,51.93865634694684,46.041864812,5.115762756888889,0.0,0.0,9.0,3.0,0.0,0.0,1.0,6.0,0.0,2.0,0.0,1.0,0.0,0.0,0.0,0.0,0.0,0.0,0.0,1.3333333333333333,0.4444444444444444,0.625,0.0,0.0,1.25,0.4166666666666667,1.25,0.4166666666666667,0.0,0.0,0.0,0.0,1.387425886722793,0.46247529557426437,1.0540925533894598,0.35136418446315326,1.914213562373095,0.6380711874576983,1.4142135623730951,0.47140452079103173,0.5267876756503018,0.17559589188343394,0.3601210089836353,0.12004033632787843,0.0,0.0,0.0,0.0,0.0,0.05555555555555558,0.5185185185185185,0.9555555555555554,0.4090909090909091,0.5185185185185185,0.7916666666666666,0.10942760942760937,0.0,-0.10942760942760937,0.16388888888888875,-1.25,-0.4166666666666667,0.4651162790697675,0.24888372093023248,0.0,3.0,2.0,,,,,,,,,,,,,,,,,,,,,,,,,,,,,,,,,,,,,,,,,,,,,,,,,,,,,,,,,,,,,,,,,,,,,,,,,,,,F[P-](F)(F)(F)(F)F,6.972,18.438,0.0,0.0,0.0,0.0,68.74375504038632,144.96472952991002,20.70924707570143,1.0,0.0,7.0,7.0,0.0,0.0,7.0,0.0,0.0,0.0,0.0,0.0,0.0,1.0,6.0,0.0,0.0,0.0,6.0,2.7142857142857144,0.38775510204081637,0.631578947368421,0.0,0.0,4.5,0.6428571428571429,4.5,0.6428571428571429,0.0,0.0,0.0,0.0,4.602885979030796,0.6575551398615422,1.7457431218879391,0.24939187455541986,,,,,,,,,,,,,,,1.626530612244898,1.626530612244898,,1.626530612244898,1.626530612244898,,0.0,,0.0,-4.5,-0.6428571428571429,0.2383939774153074,0.47560602258469253,0.0,7.0,0.6666666666666666,81.6,,,13
"PEO reported only as 'average molecular weight' 6x10^6 (type Mn/Mw/Mv not specified) -> placed in Mw column. Raw PEO powder pre-dried at 50C under vacuum for 48h before use (this is powder pretreatment, not the final film-drying step, which was RT solvent evaporation).",Polyether,Poly(ethylene oxide) (PEO),CCO,,,1,PF6 (hexafluorophosphate),0.03222,0.03222,10,,,66,,,179,Yes,,,,,,,1.24e-05,,,,,,,,,,,,,,,,,,,,,,,,,,,,,,,,,,,,,,,,,,6000,linear homopolymer,Acetonitrile,25,,No,"Li:monomer calculated from stated wt% using M(LiPF6)=151.905, M(EO repeat unit)=44.05 g/mol. Conductivity visually estimated from Fig. 4 at 303K, anchored using the exact text-stated 0 wt% and 20 wt% values; moderate confidence.",10.1007/s11581-011-0524-8,"Ibrahim, S.; Yassin, M. M.; Ahmad, R.; Johan, M. R. Ionics 2011, 17, 399-405.",8.142758,6.019242,1.0,1.0,0.0,0.0,51.93865634694684,46.041864812,5.115762756888889,0.0,0.0,9.0,3.0,0.0,0.0,1.0,6.0,0.0,2.0,0.0,1.0,0.0,0.0,0.0,0.0,0.0,0.0,0.0,1.3333333333333333,0.4444444444444444,0.625,0.0,0.0,1.25,0.4166666666666667,1.25,0.4166666666666667,0.0,0.0,0.0,0.0,1.387425886722793,0.46247529557426437,1.0540925533894598,0.35136418446315326,1.914213562373095,0.6380711874576983,1.4142135623730951,0.47140452079103173,0.5267876756503018,0.17559589188343394,0.3601210089836353,0.12004033632787843,0.0,0.0,0.0,0.0,0.0,0.05555555555555558,0.5185185185185185,0.9555555555555554,0.4090909090909091,0.5185185185185185,0.7916666666666666,0.10942760942760937,0.0,-0.10942760942760937,0.16388888888888875,-1.25,-0.4166666666666667,0.4651162790697675,0.24888372093023248,0.0,3.0,2.0,,,,,,,,,,,,,,,,,,,,,,,,,,,,,,,,,,,,,,,,,,,,,,,,,,,,,,,,,,,,,,,,,,,,,,,,,,,,F[P-](F)(F)(F)(F)F,6.972,18.438,0.0,0.0,0.0,0.0,68.74375504038632,144.96472952991002,20.70924707570143,1.0,0.0,7.0,7.0,0.0,0.0,7.0,0.0,0.0,0.0,0.0,0.0,0.0,1.0,6.0,0.0,0.0,0.0,6.0,2.7142857142857144,0.38775510204081637,0.631578947368421,0.0,0.0,4.5,0.6428571428571429,4.5,0.6428571428571429,0.0,0.0,0.0,0.0,4.602885979030796,0.6575551398615422,1.7457431218879391,0.24939187455541986,,,,,,,,,,,,,,,1.626530612244898,1.626530612244898,,1.626530612244898,1.626530612244898,,0.0,,0.0,-4.5,-0.6428571428571429,0.2383939774153074,0.47560602258469253,0.0,7.0,0.6666666666666666,81.6,,,14
"PEO reported only as 'average molecular weight' 6x10^6 (type Mn/Mw/Mv not specified) -> placed in Mw column. Raw PEO powder pre-dried at 50C under vacuum for 48h before use (this is powder pretreatment, not the final film-drying step, which was RT solvent evaporation).",Polyether,Poly(ethylene oxide) (PEO),CCO,,,1,PF6 (hexafluorophosphate),0.05117,0.05117,15,,,66,,,139,Yes,,,,,,,2.75e-05,,,,,,,,,,,,,,,,,,,,,,,,,,,,,,,,,,,,,,,,,,6000,linear homopolymer,Acetonitrile,25,,No,"Li:monomer calculated from stated wt% using M(LiPF6)=151.905, M(EO repeat unit)=44.05 g/mol. Conductivity visually estimated from Fig. 4 at 303K, anchored using the exact text-stated 0 wt% and 20 wt% values; moderate confidence.",10.1007/s11581-011-0524-8,"Ibrahim, S.; Yassin, M. M.; Ahmad, R.; Johan, M. R. Ionics 2011, 17, 399-405.",8.142758,6.019242,1.0,1.0,0.0,0.0,51.93865634694684,46.041864812,5.115762756888889,0.0,0.0,9.0,3.0,0.0,0.0,1.0,6.0,0.0,2.0,0.0,1.0,0.0,0.0,0.0,0.0,0.0,0.0,0.0,1.3333333333333333,0.4444444444444444,0.625,0.0,0.0,1.25,0.4166666666666667,1.25,0.4166666666666667,0.0,0.0,0.0,0.0,1.387425886722793,0.46247529557426437,1.0540925533894598,0.35136418446315326,1.914213562373095,0.6380711874576983,1.4142135623730951,0.47140452079103173,0.5267876756503018,0.17559589188343394,0.3601210089836353,0.12004033632787843,0.0,0.0,0.0,0.0,0.0,0.05555555555555558,0.5185185185185185,0.9555555555555554,0.4090909090909091,0.5185185185185185,0.7916666666666666,0.10942760942760937,0.0,-0.10942760942760937,0.16388888888888875,-1.25,-0.4166666666666667,0.4651162790697675,0.24888372093023248,0.0,3.0,2.0,,,,,,,,,,,,,,,,,,,,,,,,,,,,,,,,,,,,,,,,,,,,,,,,,,,,,,,,,,,,,,,,,,,,,,,,,,,,F[P-](F)(F)(F)(F)F,6.972,18.438,0.0,0.0,0.0,0.0,68.74375504038632,144.96472952991002,20.70924707570143,1.0,0.0,7.0,7.0,0.0,0.0,7.0,0.0,0.0,0.0,0.0,0.0,0.0,1.0,6.0,0.0,0.0,0.0,6.0,2.7142857142857144,0.38775510204081637,0.631578947368421,0.0,0.0,4.5,0.6428571428571429,4.5,0.6428571428571429,0.0,0.0,0.0,0.0,4.602885979030796,0.6575551398615422,1.7457431218879391,0.24939187455541986,,,,,,,,,,,,,,,1.626530612244898,1.626530612244898,,1.626530612244898,1.626530612244898,,0.0,,0.0,-4.5,-0.6428571428571429,0.2383939774153074,0.47560602258469253,0.0,7.0,0.6666666666666666,81.6,,,15
"PEO reported only as 'average molecular weight' 6x10^6 (type Mn/Mw/Mv not specified) -> placed in Mw column. Raw PEO powder pre-dried at 50C under vacuum for 48h before use (this is powder pretreatment, not the final film-drying step, which was RT solvent evaporation).",Polyether,Poly(ethylene oxide) (PEO),CCO,,,1,PF6 (hexafluorophosphate),0.0725,0.0725,20,,,59,,,106,Yes,,,,,,,6.76e-05,,,,,,,,,,,,,,,,,,,,,,,,,,,,,,,,,,,,,,,,,,6000,linear homopolymer,Acetonitrile,25,,No,"Li:monomer calculated from stated wt% using M(LiPF6)=151.905, M(EO repeat unit)=44.05 g/mol. Conductivity value stated explicitly in the text/Conclusions (6.76e-5 S/cm at 303K). NOTE: the abstract and Fig. 1 instead state a highest conductivity of 4.1e-5 S/cm at room temperature for this same 20wt% sample -- the paper is internally inconsistent between these two values; both are reported here for transparency, with the more specific (exact-temperature) value used in the Conductivity column.",10.1007/s11581-011-0524-8,"Ibrahim, S.; Yassin, M. M.; Ahmad, R.; Johan, M. R. Ionics 2011, 17, 399-405.",8.142758,6.019242,1.0,1.0,0.0,0.0,51.93865634694684,46.041864812,5.115762756888889,0.0,0.0,9.0,3.0,0.0,0.0,1.0,6.0,0.0,2.0,0.0,1.0,0.0,0.0,0.0,0.0,0.0,0.0,0.0,1.3333333333333333,0.4444444444444444,0.625,0.0,0.0,1.25,0.4166666666666667,1.25,0.4166666666666667,0.0,0.0,0.0,0.0,1.387425886722793,0.46247529557426437,1.0540925533894598,0.35136418446315326,1.914213562373095,0.6380711874576983,1.4142135623730951,0.47140452079103173,0.5267876756503018,0.17559589188343394,0.3601210089836353,0.12004033632787843,0.0,0.0,0.0,0.0,0.0,0.05555555555555558,0.5185185185185185,0.9555555555555554,0.4090909090909091,0.5185185185185185,0.7916666666666666,0.10942760942760937,0.0,-0.10942760942760937,0.16388888888888875,-1.25,-0.4166666666666667,0.4651162790697675,0.24888372093023248,0.0,3.0,2.0,,,,,,,,,,,,,,,,,,,,,,,,,,,,,,,,,,,,,,,,,,,,,,,,,,,,,,,,,,,,,,,,,,,,,,,,,,,,F[P-](F)(F)(F)(F)F,6.972,18.438,0.0,0.0,0.0,0.0,68.74375504038632,144.96472952991002,20.70924707570143,1.0,0.0,7.0,7.0,0.0,0.0,7.0,0.0,0.0,0.0,0.0,0.0,0.0,1.0,6.0,0.0,0.0,0.0,6.0,2.7142857142857144,0.38775510204081637,0.631578947368421,0.0,0.0,4.5,0.6428571428571429,4.5,0.6428571428571429,0.0,0.0,0.0,0.0,4.602885979030796,0.6575551398615422,1.7457431218879391,0.24939187455541986,,,,,,,,,,,,,,,1.626530612244898,1.626530612244898,,1.626530612244898,1.626530612244898,,0.0,,0.0,-4.5,-0.6428571428571429,0.2383939774153074,0.47560602258469253,0.0,7.0,0.6666666666666666,81.6,,,16
Carbonate:ethylene-oxide unit ratio (95.2:4.8) determined by 1H NMR on the commercial PEC.,Polycarbonate,Poly(ethylene carbonate-co-ethylene oxide) (PEC),OCCOC=O,CCO,95.2/4.8,1,,,,,9,,,,,,No,,,,,,,,,,,,,,,,,,,,,,,,,,,,,,,,,,,,,,,,,,,,,,,5.9,37,218.3,"linear, random (CO2/epoxide alternating copolymer with minor uninserted-EO defects)",Acetonitrile,60,24,Yes,No Tm/crystallization observed between Tg and degradation (~220C); confirmed amorphous by DSC.,10.1038/pj.2012.97,"Tominaga, Y.; Nanthana, V.; Tohyama, D. Polym. J. 2012, 44, 1155-1158.",11.416758,8.623242,3.0,1.0,3.0,0.6,84.17863652604333,90.031694052,7.5026411710000005,0.0,0.0,12.0,6.0,0.0,0.0,3.0,6.0,0.0,3.0,0.0,3.0,0.0,0.0,0.0,0.0,0.0,0.0,0.0,2.5,0.4166666666666667,0.26666666666666666,0.0,0.0,5.0,0.8333333333333334,3.5,0.5833333333333334,1.5,0.25,0.0,0.0,2.501261751694562,0.41687695861576035,1.4693643483493084,0.24489405805821807,5.312944921610615,0.8854908202684358,2.914213562373095,0.48570226039551584,2.811683169916053,0.46861386165267555,1.4448492140237865,0.24080820233729774,0.0,0.0,0.0,0.0,0.0,0.08333333333333333,0.6916666666666665,1.0833333333333333,0.42000000000000004,0.6916666666666665,0.9714285714285714,0.2716666666666665,0.0,-0.2716666666666665,0.11190476190476184,-2.0,-0.3333333333333333,0.38461538461538464,0.32938461538461533,0.0,6.0,5.0,8.142758,6.019242,1.0,1.0,0.0,0.0,51.93865634694684,46.041864812,5.115762756888889,0.0,0.0,9.0,3.0,0.0,0.0,1.0,6.0,0.0,2.0,0.0,1.0,0.0,0.0,0.0,0.0,0.0,0.0,0.0,1.3333333333333333,0.4444444444444444,0.625,0.0,0.0,1.25,0.4166666666666667,1.25,0.4166666666666667,0.0,0.0,0.0,0.0,1.387425886722793,0.46247529557426437,1.0540925533894598,0.35136418446315326,1.914213562373095,0.6380711874576983,1.4142135623730951,0.47140452079103173,0.5267876756503018,0.17559589188343394,0.3601210089836353,0.12004033632787843,0.0,0.0,0.0,0.0,0.0,0.05555555555555558,0.5185185185185185,0.9555555555555554,0.4090909090909091,0.5185185185185185,0.7916666666666666,0.10942760942760937,0.0,-0.10942760942760937,0.16388888888888875,-1.25,-0.4166666666666667,0.4651162790697675,0.24888372093023248,0.0,3.0,2.0,,,,,,,,,,,,,,,,,,,,,,,,,,,,,,,,,,,,,,,,,,,,,,,,,,,,,,,,,,,,,,,,,,,,,,,,,,,,,81.6,,,17
Carbonate:ethylene-oxide unit ratio (95.2:4.8) determined by 1H NMR on the commercial PEC.,Polycarbonate,Poly(ethylene carbonate-co-ethylene oxide) (PEC),OCCOC=O,CCO,95.2/4.8,1,TFSI (bis(trifluoromethanesulfonyl)imide),,,20,,,,,,,,,,,1e-08,,,,,,,,,2e-07,,,,,,,,,,,,,,,,,,,,"Paper reports VTF fit parameters as a range across the whole PEC-LiTFSI series (20-80 wt%): prefactor A = 6-51 K^1/2*S/cm, activation energy Ea = 11-16 kJ/mol; individual per-concentration values are not tabulated, so they are not assigned to a specific row here.",,,,,,,,,,,,,,5.9,37,218.3,"linear, random (CO2/epoxide alternating copolymer with minor uninserted-EO defects)",Acetonitrile,60,24,Yes,60C and 21C values visually estimated from Fig. 3 Arrhenius plot; low-moderate confidence.,10.1038/pj.2012.97,"Tominaga, Y.; Nanthana, V.; Tohyama, D. Polym. J. 2012, 44, 1155-1158.",11.416758,8.623242,3.0,1.0,3.0,0.6,84.17863652604333,90.031694052,7.5026411710000005,0.0,0.0,12.0,6.0,0.0,0.0,3.0,6.0,0.0,3.0,0.0,3.0,0.0,0.0,0.0,0.0,0.0,0.0,0.0,2.5,0.4166666666666667,0.26666666666666666,0.0,0.0,5.0,0.8333333333333334,3.5,0.5833333333333334,1.5,0.25,0.0,0.0,2.501261751694562,0.41687695861576035,1.4693643483493084,0.24489405805821807,5.312944921610615,0.8854908202684358,2.914213562373095,0.48570226039551584,2.811683169916053,0.46861386165267555,1.4448492140237865,0.24080820233729774,0.0,0.0,0.0,0.0,0.0,0.08333333333333333,0.6916666666666665,1.0833333333333333,0.42000000000000004,0.6916666666666665,0.9714285714285714,0.2716666666666665,0.0,-0.2716666666666665,0.11190476190476184,-2.0,-0.3333333333333333,0.38461538461538464,0.32938461538461533,0.0,6.0,5.0,8.142758,6.019242,1.0,1.0,0.0,0.0,51.93865634694684,46.041864812,5.115762756888889,0.0,0.0,9.0,3.0,0.0,0.0,1.0,6.0,0.0,2.0,0.0,1.0,0.0,0.0,0.0,0.0,0.0,0.0,0.0,1.3333333333333333,0.4444444444444444,0.625,0.0,0.0,1.25,0.4166666666666667,1.25,0.4166666666666667,0.0,0.0,0.0,0.0,1.387425886722793,0.46247529557426437,1.0540925533894598,0.35136418446315326,1.914213562373095,0.6380711874576983,1.4142135623730951,0.47140452079103173,0.5267876756503018,0.17559589188343394,0.3601210089836353,0.12004033632787843,0.0,0.0,0.0,0.0,0.0,0.05555555555555558,0.5185185185185185,0.9555555555555554,0.4090909090909091,0.5185185185185185,0.7916666666666666,0.10942760942760937,0.0,-0.10942760942760937,0.16388888888888875,-1.25,-0.4166666666666667,0.4651162790697675,0.24888372093023248,0.0,3.0,2.0,[N-](S(=O)(=O)C(F)(F)F)S(=O)(=O)C(F)(F)F,16.79,21.13,4.0,0.0,2.0,0.14285714285714285,161.41127099674247,279.91784237991,18.661189491993998,1.0,0.0,15.0,15.0,0.0,0.0,13.0,0.0,0.0,2.0,1.0,4.0,2.0,0.0,6.0,0.0,0.0,0.0,6.0,6.114285714285714,0.4076190476190476,0.4984423676012461,0.0,0.43613707165109045,15.5,1.0333333333333334,9.5,0.6333333333333333,6.0,0.4,0.0,0.0,10.391891680516292,0.6927927787010861,3.0026918636094155,0.20017945757396102,27.659920629859347,1.8439947086572899,6.207106781186548,0.41380711874576986,17.268028949343055,1.1512019299562037,3.2044149175771324,0.2136276611718088,1.207106781186547,0.08047378541243647,1.207106781186547,0.08047378541243647,0.0,0.09238095238095241,1.4123809523809525,1.4123809523809525,0.42765957446808506,1.4123809523809525,1.4123809523809525,0.9847213779128674,0.0,-0.9847213779128674,0.0,-3.5,-0.23333333333333334,0.28860418071476734,0.4253958192852326,0.0,15.0,3.7856,81.6,,,18
Carbonate:ethylene-oxide unit ratio (95.2:4.8) determined by 1H NMR on the commercial PEC.,Polycarbonate,Poly(ethylene carbonate-co-ethylene oxide) (PEC),OCCOC=O,CCO,95.2/4.8,1,TFSI (bis(trifluoromethanesulfonyl)imide),,,40,,,,,,,,,,,5e-08,,,,,,,,,1e-06,,,,,,,,,,,,,,,,,,,,"Paper reports VTF fit parameters as a range across the whole PEC-LiTFSI series (20-80 wt%): prefactor A = 6-51 K^1/2*S/cm, activation energy Ea = 11-16 kJ/mol; individual per-concentration values are not tabulated, so they are not assigned to a specific row here.",,,,,,,,,,,,,,5.9,37,218.3,"linear, random (CO2/epoxide alternating copolymer with minor uninserted-EO defects)",Acetonitrile,60,24,Yes,60C and 21C values visually estimated from Fig. 3 Arrhenius plot; low-moderate confidence.,10.1038/pj.2012.97,"Tominaga, Y.; Nanthana, V.; Tohyama, D. Polym. J. 2012, 44, 1155-1158.",11.416758,8.623242,3.0,1.0,3.0,0.6,84.17863652604333,90.031694052,7.5026411710000005,0.0,0.0,12.0,6.0,0.0,0.0,3.0,6.0,0.0,3.0,0.0,3.0,0.0,0.0,0.0,0.0,0.0,0.0,0.0,2.5,0.4166666666666667,0.26666666666666666,0.0,0.0,5.0,0.8333333333333334,3.5,0.5833333333333334,1.5,0.25,0.0,0.0,2.501261751694562,0.41687695861576035,1.4693643483493084,0.24489405805821807,5.312944921610615,0.8854908202684358,2.914213562373095,0.48570226039551584,2.811683169916053,0.46861386165267555,1.4448492140237865,0.24080820233729774,0.0,0.0,0.0,0.0,0.0,0.08333333333333333,0.6916666666666665,1.0833333333333333,0.42000000000000004,0.6916666666666665,0.9714285714285714,0.2716666666666665,0.0,-0.2716666666666665,0.11190476190476184,-2.0,-0.3333333333333333,0.38461538461538464,0.32938461538461533,0.0,6.0,5.0,8.142758,6.019242,1.0,1.0,0.0,0.0,51.93865634694684,46.041864812,5.115762756888889,0.0,0.0,9.0,3.0,0.0,0.0,1.0,6.0,0.0,2.0,0.0,1.0,0.0,0.0,0.0,0.0,0.0,0.0,0.0,1.3333333333333333,0.4444444444444444,0.625,0.0,0.0,1.25,0.4166666666666667,1.25,0.4166666666666667,0.0,0.0,0.0,0.0,1.387425886722793,0.46247529557426437,1.0540925533894598,0.35136418446315326,1.914213562373095,0.6380711874576983,1.4142135623730951,0.47140452079103173,0.5267876756503018,0.17559589188343394,0.3601210089836353,0.12004033632787843,0.0,0.0,0.0,0.0,0.0,0.05555555555555558,0.5185185185185185,0.9555555555555554,0.4090909090909091,0.5185185185185185,0.7916666666666666,0.10942760942760937,0.0,-0.10942760942760937,0.16388888888888875,-1.25,-0.4166666666666667,0.4651162790697675,0.24888372093023248,0.0,3.0,2.0,[N-](S(=O)(=O)C(F)(F)F)S(=O)(=O)C(F)(F)F,16.79,21.13,4.0,0.0,2.0,0.14285714285714285,161.41127099674247,279.91784237991,18.661189491993998,1.0,0.0,15.0,15.0,0.0,0.0,13.0,0.0,0.0,2.0,1.0,4.0,2.0,0.0,6.0,0.0,0.0,0.0,6.0,6.114285714285714,0.4076190476190476,0.4984423676012461,0.0,0.43613707165109045,15.5,1.0333333333333334,9.5,0.6333333333333333,6.0,0.4,0.0,0.0,10.391891680516292,0.6927927787010861,3.0026918636094155,0.20017945757396102,27.659920629859347,1.8439947086572899,6.207106781186548,0.41380711874576986,17.268028949343055,1.1512019299562037,3.2044149175771324,0.2136276611718088,1.207106781186547,0.08047378541243647,1.207106781186547,0.08047378541243647,0.0,0.09238095238095241,1.4123809523809525,1.4123809523809525,0.42765957446808506,1.4123809523809525,1.4123809523809525,0.9847213779128674,0.0,-0.9847213779128674,0.0,-3.5,-0.23333333333333334,0.28860418071476734,0.4253958192852326,0.0,15.0,3.7856,81.6,,,19
Carbonate:ethylene-oxide unit ratio (95.2:4.8) determined by 1H NMR on the commercial PEC.,Polycarbonate,Poly(ethylene carbonate-co-ethylene oxide) (PEC),OCCOC=O,CCO,95.2/4.8,1,TFSI (bis(trifluoromethanesulfonyl)imide),,,60,,,,,,,,,,,2.5e-07,,,,,,,,,4e-06,,,,,,,,,,,,,,,,,,,,"Paper reports VTF fit parameters as a range across the whole PEC-LiTFSI series (20-80 wt%): prefactor A = 6-51 K^1/2*S/cm, activation energy Ea = 11-16 kJ/mol; individual per-concentration values are not tabulated, so they are not assigned to a specific row here.",,,,,,,,,,,,,,5.9,37,218.3,"linear, random (CO2/epoxide alternating copolymer with minor uninserted-EO defects)",Acetonitrile,60,24,Yes,60C and 21C values visually estimated from Fig. 3 Arrhenius plot; low-moderate confidence.,10.1038/pj.2012.97,"Tominaga, Y.; Nanthana, V.; Tohyama, D. Polym. J. 2012, 44, 1155-1158.",11.416758,8.623242,3.0,1.0,3.0,0.6,84.17863652604333,90.031694052,7.5026411710000005,0.0,0.0,12.0,6.0,0.0,0.0,3.0,6.0,0.0,3.0,0.0,3.0,0.0,0.0,0.0,0.0,0.0,0.0,0.0,2.5,0.4166666666666667,0.26666666666666666,0.0,0.0,5.0,0.8333333333333334,3.5,0.5833333333333334,1.5,0.25,0.0,0.0,2.501261751694562,0.41687695861576035,1.4693643483493084,0.24489405805821807,5.312944921610615,0.8854908202684358,2.914213562373095,0.48570226039551584,2.811683169916053,0.46861386165267555,1.4448492140237865,0.24080820233729774,0.0,0.0,0.0,0.0,0.0,0.08333333333333333,0.6916666666666665,1.0833333333333333,0.42000000000000004,0.6916666666666665,0.9714285714285714,0.2716666666666665,0.0,-0.2716666666666665,0.11190476190476184,-2.0,-0.3333333333333333,0.38461538461538464,0.32938461538461533,0.0,6.0,5.0,8.142758,6.019242,1.0,1.0,0.0,0.0,51.93865634694684,46.041864812,5.115762756888889,0.0,0.0,9.0,3.0,0.0,0.0,1.0,6.0,0.0,2.0,0.0,1.0,0.0,0.0,0.0,0.0,0.0,0.0,0.0,1.3333333333333333,0.4444444444444444,0.625,0.0,0.0,1.25,0.4166666666666667,1.25,0.4166666666666667,0.0,0.0,0.0,0.0,1.387425886722793,0.46247529557426437,1.0540925533894598,0.35136418446315326,1.914213562373095,0.6380711874576983,1.4142135623730951,0.47140452079103173,0.5267876756503018,0.17559589188343394,0.3601210089836353,0.12004033632787843,0.0,0.0,0.0,0.0,0.0,0.05555555555555558,0.5185185185185185,0.9555555555555554,0.4090909090909091,0.5185185185185185,0.7916666666666666,0.10942760942760937,0.0,-0.10942760942760937,0.16388888888888875,-1.25,-0.4166666666666667,0.4651162790697675,0.24888372093023248,0.0,3.0,2.0,[N-](S(=O)(=O)C(F)(F)F)S(=O)(=O)C(F)(F)F,16.79,21.13,4.0,0.0,2.0,0.14285714285714285,161.41127099674247,279.91784237991,18.661189491993998,1.0,0.0,15.0,15.0,0.0,0.0,13.0,0.0,0.0,2.0,1.0,4.0,2.0,0.0,6.0,0.0,0.0,0.0,6.0,6.114285714285714,0.4076190476190476,0.4984423676012461,0.0,0.43613707165109045,15.5,1.0333333333333334,9.5,0.6333333333333333,6.0,0.4,0.0,0.0,10.391891680516292,0.6927927787010861,3.0026918636094155,0.20017945757396102,27.659920629859347,1.8439947086572899,6.207106781186548,0.41380711874576986,17.268028949343055,1.1512019299562037,3.2044149175771324,0.2136276611718088,1.207106781186547,0.08047378541243647,1.207106781186547,0.08047378541243647,0.0,0.09238095238095241,1.4123809523809525,1.4123809523809525,0.42765957446808506,1.4123809523809525,1.4123809523809525,0.9847213779128674,0.0,-0.9847213779128674,0.0,-3.5,-0.23333333333333334,0.28860418071476734,0.4253958192852326,0.0,15.0,3.7856,81.6,,,20
Carbonate:ethylene-oxide unit ratio (95.2:4.8) determined by 1H NMR on the commercial PEC.,Polycarbonate,Poly(ethylene carbonate-co-ethylene oxide) (PEC),OCCOC=O,CCO,95.2/4.8,1,TFSI (bis(trifluoromethanesulfonyl)imide),,,80,-62,,,,,,,,,,1.3e-06,,,5e-06,,,,,,1.3e-05,,,,,,,,,,,,,,,,,,,,"Paper reports VTF fit parameters as a range across the whole PEC-LiTFSI series (20-80 wt%): prefactor A = 6-51 K^1/2*S/cm, activation energy Ea = 11-16 kJ/mol; individual per-concentration values are not tabulated, so they are not assigned to a specific row here.",,,,,,,,,,,,,,5.9,37,218.3,"linear, random (CO2/epoxide alternating copolymer with minor uninserted-EO defects)",Acetonitrile,60,24,Yes,"30C value stated explicitly in text (~0.5e-5 S/cm, 'more than 120x greater' than the 20wt% sample). 60C/21C values visually estimated from Fig. 3; moderate confidence for 60C given the exact 30C anchor. A small secondary DSC transition near -15C was also observed, tentatively attributed to a partially phase-separated LiTFSI-rich domain (not the main Tg).",10.1038/pj.2012.97,"Tominaga, Y.; Nanthana, V.; Tohyama, D. Polym. J. 2012, 44, 1155-1158.",11.416758,8.623242,3.0,1.0,3.0,0.6,84.17863652604333,90.031694052,7.5026411710000005,0.0,0.0,12.0,6.0,0.0,0.0,3.0,6.0,0.0,3.0,0.0,3.0,0.0,0.0,0.0,0.0,0.0,0.0,0.0,2.5,0.4166666666666667,0.26666666666666666,0.0,0.0,5.0,0.8333333333333334,3.5,0.5833333333333334,1.5,0.25,0.0,0.0,2.501261751694562,0.41687695861576035,1.4693643483493084,0.24489405805821807,5.312944921610615,0.8854908202684358,2.914213562373095,0.48570226039551584,2.811683169916053,0.46861386165267555,1.4448492140237865,0.24080820233729774,0.0,0.0,0.0,0.0,0.0,0.08333333333333333,0.6916666666666665,1.0833333333333333,0.42000000000000004,0.6916666666666665,0.9714285714285714,0.2716666666666665,0.0,-0.2716666666666665,0.11190476190476184,-2.0,-0.3333333333333333,0.38461538461538464,0.32938461538461533,0.0,6.0,5.0,8.142758,6.019242,1.0,1.0,0.0,0.0,51.93865634694684,46.041864812,5.115762756888889,0.0,0.0,9.0,3.0,0.0,0.0,1.0,6.0,0.0,2.0,0.0,1.0,0.0,0.0,0.0,0.0,0.0,0.0,0.0,1.3333333333333333,0.4444444444444444,0.625,0.0,0.0,1.25,0.4166666666666667,1.25,0.4166666666666667,0.0,0.0,0.0,0.0,1.387425886722793,0.46247529557426437,1.0540925533894598,0.35136418446315326,1.914213562373095,0.6380711874576983,1.4142135623730951,0.47140452079103173,0.5267876756503018,0.17559589188343394,0.3601210089836353,0.12004033632787843,0.0,0.0,0.0,0.0,0.0,0.05555555555555558,0.5185185185185185,0.9555555555555554,0.4090909090909091,0.5185185185185185,0.7916666666666666,0.10942760942760937,0.0,-0.10942760942760937,0.16388888888888875,-1.25,-0.4166666666666667,0.4651162790697675,0.24888372093023248,0.0,3.0,2.0,[N-](S(=O)(=O)C(F)(F)F)S(=O)(=O)C(F)(F)F,16.79,21.13,4.0,0.0,2.0,0.14285714285714285,161.41127099674247,279.91784237991,18.661189491993998,1.0,0.0,15.0,15.0,0.0,0.0,13.0,0.0,0.0,2.0,1.0,4.0,2.0,0.0,6.0,0.0,0.0,0.0,6.0,6.114285714285714,0.4076190476190476,0.4984423676012461,0.0,0.43613707165109045,15.5,1.0333333333333334,9.5,0.6333333333333333,6.0,0.4,0.0,0.0,10.391891680516292,0.6927927787010861,3.0026918636094155,0.20017945757396102,27.659920629859347,1.8439947086572899,6.207106781186548,0.41380711874576986,17.268028949343055,1.1512019299562037,3.2044149175771324,0.2136276611718088,1.207106781186547,0.08047378541243647,1.207106781186547,0.08047378541243647,0.0,0.09238095238095241,1.4123809523809525,1.4123809523809525,0.42765957446808506,1.4123809523809525,1.4123809523809525,0.9847213779128674,0.0,-0.9847213779128674,0.0,-3.5,-0.23333333333333334,0.28860418071476734,0.4253958192852326,0.0,15.0,3.7856,81.6,,,21
Carbonate:ethylene-oxide unit ratio (95.2:4.8) determined by 1H NMR on the commercial PEC.,Polycarbonate,Poly(ethylene carbonate-co-ethylene oxide) (PEC),OCCOC=O,CCO,95.2/4.8,1,BF4 (tetrafluoroborate),,,44.4,-71,,,,,,,,,,,,,,,,,,,,,,,,,,,,,0.49,100,,,,,,,,,"Paper reports VTF fit parameters as a range across the whole PEC-LiTFSI series (20-80 wt%): prefactor A = 6-51 K^1/2*S/cm, activation energy Ea = 11-16 kJ/mol; individual per-concentration values are not tabulated, so they are not assigned to a specific row here.",,,,,,,,,,,,,,5.9,37,218.3,"linear, random (CO2/epoxide alternating copolymer with minor uninserted-EO defects)",Acetonitrile,60,24,Yes,"Tg derived from text statement 'presented the lowest Tg, ~80C lower than the Tg of the pure PEC' (9C - 80C = -71C, approximate). Li+ transference number measured directly (Bruce-Vincent method, Supplementary Fig. S3).",10.1038/pj.2012.97,"Tominaga, Y.; Nanthana, V.; Tohyama, D. Polym. J. 2012, 44, 1155-1158.",11.416758,8.623242,3.0,1.0,3.0,0.6,84.17863652604333,90.031694052,7.5026411710000005,0.0,0.0,12.0,6.0,0.0,0.0,3.0,6.0,0.0,3.0,0.0,3.0,0.0,0.0,0.0,0.0,0.0,0.0,0.0,2.5,0.4166666666666667,0.26666666666666666,0.0,0.0,5.0,0.8333333333333334,3.5,0.5833333333333334,1.5,0.25,0.0,0.0,2.501261751694562,0.41687695861576035,1.4693643483493084,0.24489405805821807,5.312944921610615,0.8854908202684358,2.914213562373095,0.48570226039551584,2.811683169916053,0.46861386165267555,1.4448492140237865,0.24080820233729774,0.0,0.0,0.0,0.0,0.0,0.08333333333333333,0.6916666666666665,1.0833333333333333,0.42000000000000004,0.6916666666666665,0.9714285714285714,0.2716666666666665,0.0,-0.2716666666666665,0.11190476190476184,-2.0,-0.3333333333333333,0.38461538461538464,0.32938461538461533,0.0,6.0,5.0,8.142758,6.019242,1.0,1.0,0.0,0.0,51.93865634694684,46.041864812,5.115762756888889,0.0,0.0,9.0,3.0,0.0,0.0,1.0,6.0,0.0,2.0,0.0,1.0,0.0,0.0,0.0,0.0,0.0,0.0,0.0,1.3333333333333333,0.4444444444444444,0.625,0.0,0.0,1.25,0.4166666666666667,1.25,0.4166666666666667,0.0,0.0,0.0,0.0,1.387425886722793,0.46247529557426437,1.0540925533894598,0.35136418446315326,1.914213562373095,0.6380711874576983,1.4142135623730951,0.47140452079103173,0.5267876756503018,0.17559589188343394,0.3601210089836353,0.12004033632787843,0.0,0.0,0.0,0.0,0.0,0.05555555555555558,0.5185185185185185,0.9555555555555554,0.4090909090909091,0.5185185185185185,0.7916666666666666,0.10942760942760937,0.0,-0.10942760942760937,0.16388888888888875,-1.25,-0.4166666666666667,0.4651162790697675,0.24888372093023248,0.0,3.0,2.0,[B-](F)(F)(F)F,5.258,9.892,0.0,0.0,0.0,0.0,70.02193416731785,87.00346685990999,17.400693371981998,1.0,0.0,5.0,5.0,0.0,0.0,5.0,0.0,1.0,0.0,0.0,0.0,0.0,0.0,4.0,0.0,0.0,0.0,4.0,1.8095238095238093,0.36190476190476184,0.6315789473684211,0.0,0.368421052631579,3.0,0.6,3.0,0.6,0.0,0.0,0.0,0.0,2.3066858907824352,0.46133717815648706,1.1638287479252927,0.23276574958505852,5.0,1.0,2.0,0.4,2.6933141092175648,0.538662821843513,0.8361712520747073,0.16723425041494147,0.4142135623730949,0.08284271247461898,0.4142135623730949,0.08284271247461898,0.0,0.13809523809523813,1.4980952380952384,1.4980952380952384,0.41764705882352937,1.4980952380952384,1.4980952380952384,1.080448179271709,0.0,-1.080448179271709,0.0,-3.0,-0.6,0.24157660521296875,0.4724233947870312,0.0,5.0,1.0,81.6,,,22
Carbonate:ethylene-oxide unit ratio (95.2:4.8) determined by 1H NMR on the commercial PEC.,Polycarbonate,Poly(ethylene carbonate-co-ethylene oxide) (PEC),OCCOC=O,CCO,95.2/4.8,1,ClO4 (perchlorate),,,40,,,,,,,,,,,,,,,,,,,,,,,,,,,,,,,,,,,,,,,,,,,,,,,,,,,,,,5.9,37,218.3,"linear, random (CO2/epoxide alternating copolymer with minor uninserted-EO defects)",Acetonitrile,60,24,Yes,"This concentration is reported as the salt concentration giving maximum conductivity, showing 'typical polyether-like' conduction behavior with the conductivity maximum shifted from 20-30 to 40 wt% (Fig. 4a); exact conductivity/Tg values are not given numerically in text and were not digitized from the multi-series overlapping Fig. 4 scatter plot (low confidence).",10.1038/pj.2012.97,"Tominaga, Y.; Nanthana, V.; Tohyama, D. Polym. J. 2012, 44, 1155-1158.",11.416758,8.623242,3.0,1.0,3.0,0.6,84.17863652604333,90.031694052,7.5026411710000005,0.0,0.0,12.0,6.0,0.0,0.0,3.0,6.0,0.0,3.0,0.0,3.0,0.0,0.0,0.0,0.0,0.0,0.0,0.0,2.5,0.4166666666666667,0.26666666666666666,0.0,0.0,5.0,0.8333333333333334,3.5,0.5833333333333334,1.5,0.25,0.0,0.0,2.501261751694562,0.41687695861576035,1.4693643483493084,0.24489405805821807,5.312944921610615,0.8854908202684358,2.914213562373095,0.48570226039551584,2.811683169916053,0.46861386165267555,1.4448492140237865,0.24080820233729774,0.0,0.0,0.0,0.0,0.0,0.08333333333333333,0.6916666666666665,1.0833333333333333,0.42000000000000004,0.6916666666666665,0.9714285714285714,0.2716666666666665,0.0,-0.2716666666666665,0.11190476190476184,-2.0,-0.3333333333333333,0.38461538461538464,0.32938461538461533,0.0,6.0,5.0,8.142758,6.019242,1.0,1.0,0.0,0.0,51.93865634694684,46.041864812,5.115762756888889,0.0,0.0,9.0,3.0,0.0,0.0,1.0,6.0,0.0,2.0,0.0,1.0,0.0,0.0,0.0,0.0,0.0,0.0,0.0,1.3333333333333333,0.4444444444444444,0.625,0.0,0.0,1.25,0.4166666666666667,1.25,0.4166666666666667,0.0,0.0,0.0,0.0,1.387425886722793,0.46247529557426437,1.0540925533894598,0.35136418446315326,1.914213562373095,0.6380711874576983,1.4142135623730951,0.47140452079103173,0.5267876756503018,0.17559589188343394,0.3601210089836353,0.12004033632787843,0.0,0.0,0.0,0.0,0.0,0.05555555555555558,0.5185185185185185,0.9555555555555554,0.4090909090909091,0.5185185185185185,0.7916666666666666,0.10942760942760937,0.0,-0.10942760942760937,0.16388888888888875,-1.25,-0.4166666666666667,0.4651162790697675,0.24888372093023248,0.0,3.0,2.0,[O-]Cl(=O)(=O)=O,5.388,5.5120000000000005,4.0,0.0,0.0,0.0,57.61020530973901,98.94905973991001,19.789811947982002,4.0,0.0,5.0,5.0,0.0,0.0,5.0,0.0,0.0,0.0,0.0,4.0,0.0,0.0,0.0,1.0,0.0,0.0,1.0,2.0476190476190474,0.4095238095238095,0.6511627906976745,0.0,0.3488372093023256,2.0,0.4,2.0,0.4,0.0,0.0,0.0,0.0,3.9518001458970664,0.7903600291794133,1.9518001458970664,0.39036002917941326,5.0,1.0,2.0,0.4,1.0481998541029336,0.20963997082058672,0.04819985410293359,0.009639970820586718,0.4142135623730949,0.08284271247461898,0.4142135623730949,0.08284271247461898,0.0,0.09047619047619052,1.4504761904761903,1.4504761904761903,0.41764705882352937,1.4504761904761903,1.4504761904761903,1.0328291316526608,0.0,-1.0328291316526608,0.0,-2.0,-0.4,0.28233749179251477,0.4316625082074852,0.0,5.0,1.0,81.6,,,23
Carbonate:ethylene-oxide unit ratio (95.2:4.8) determined by 1H NMR on the commercial PEC.,Polycarbonate,Poly(ethylene carbonate-co-ethylene oxide) (PEC),OCCOC=O,CCO,95.2/4.8,1,CF3SO3 (triflate),,,40,,,,,,,,,,,,,,,,,,,,,,,,,,,,,,,,,,,,,,,,,,,,,,,,,,,,,,5.9,37,218.3,"linear, random (CO2/epoxide alternating copolymer with minor uninserted-EO defects)",Acetonitrile,60,24,Yes,"This concentration is reported as the salt concentration giving maximum conductivity, showing 'typical polyether-like' conduction behavior with the conductivity maximum shifted from 20-30 to 40 wt% (Fig. 4a); exact conductivity/Tg values are not given numerically in text and were not digitized from the multi-series overlapping Fig. 4 scatter plot (low confidence).",10.1038/pj.2012.97,"Tominaga, Y.; Nanthana, V.; Tohyama, D. Polym. J. 2012, 44, 1155-1158.",11.416758,8.623242,3.0,1.0,3.0,0.6,84.17863652604333,90.031694052,7.5026411710000005,0.0,0.0,12.0,6.0,0.0,0.0,3.0,6.0,0.0,3.0,0.0,3.0,0.0,0.0,0.0,0.0,0.0,0.0,0.0,2.5,0.4166666666666667,0.26666666666666666,0.0,0.0,5.0,0.8333333333333334,3.5,0.5833333333333334,1.5,0.25,0.0,0.0,2.501261751694562,0.41687695861576035,1.4693643483493084,0.24489405805821807,5.312944921610615,0.8854908202684358,2.914213562373095,0.48570226039551584,2.811683169916053,0.46861386165267555,1.4448492140237865,0.24080820233729774,0.0,0.0,0.0,0.0,0.0,0.08333333333333333,0.6916666666666665,1.0833333333333333,0.42000000000000004,0.6916666666666665,0.9714285714285714,0.2716666666666665,0.0,-0.2716666666666665,0.11190476190476184,-2.0,-0.3333333333333333,0.38461538461538464,0.32938461538461533,0.0,6.0,5.0,8.142758,6.019242,1.0,1.0,0.0,0.0,51.93865634694684,46.041864812,5.115762756888889,0.0,0.0,9.0,3.0,0.0,0.0,1.0,6.0,0.0,2.0,0.0,1.0,0.0,0.0,0.0,0.0,0.0,0.0,0.0,1.3333333333333333,0.4444444444444444,0.625,0.0,0.0,1.25,0.4166666666666667,1.25,0.4166666666666667,0.0,0.0,0.0,0.0,1.387425886722793,0.46247529557426437,1.0540925533894598,0.35136418446315326,1.914213562373095,0.6380711874576983,1.4142135623730951,0.47140452079103173,0.5267876756503018,0.17559589188343394,0.3601210089836353,0.12004033632787843,0.0,0.0,0.0,0.0,0.0,0.05555555555555558,0.5185185185185185,0.9555555555555554,0.4090909090909091,0.5185185185185185,0.7916666666666666,0.10942760942760937,0.0,-0.10942760942760937,0.16388888888888875,-1.25,-0.4166666666666667,0.4651162790697675,0.24888372093023248,0.0,3.0,2.0,C(F)(F)(F)S(=O)(=O)[O-],8.647,10.863,3.0,0.0,0.0,0.0,87.61659688793725,148.95257309991,18.61907163748875,1.0,0.0,8.0,8.0,0.0,0.0,7.0,0.0,0.0,1.0,0.0,3.0,1.0,0.0,3.0,0.0,0.0,0.0,3.0,3.1904761904761902,0.3988095238095238,0.582089552238806,0.0,0.4179104477611941,8.0,1.0,5.0,0.625,3.0,0.375,0.0,0.0,3.9461428849317075,0.49326786061646344,1.4987239358558129,0.1873404919819766,10.75,1.34375,3.25,0.40625,6.8038571150682925,0.8504821393835366,1.7512760641441871,0.2189095080180234,0.6642135623730949,0.08302669529663687,0.6642135623730949,0.08302669529663687,0.0,0.10119047619047622,1.4386904761904762,1.4386904761904762,0.4230769230769231,1.4386904761904762,1.4386904761904762,1.015613553113553,0.0,-1.015613553113553,0.0,-2.0,-0.25,0.27720314439387667,0.4367968556061233,0.0,8.0,1.75,81.6,,,24
m/n (EO/EM2) ratio = 83/17 determined by 1H NMR.,Polyether copolymer,Poly[ethylene oxide-co-2-(2-methoxyethoxy)ethyl glycidyl ether] P(EO/EM2),CCO,CC(O)COCCOCCOC,83/17,,TFSI (bis(trifluoromethanesulfonyl)imide),,,,,,,,,,,,,,,,,,,,,,,,,,,,,,,,,,,,,,,,,,,,,,,,,,,,,,,,,,,,linear random copolymer,Acetonitrile,60,24,Yes,"Specific salt wt% values are not stated numerically in text (only shown in Fig. 4 scatter plot); Tg increases with salt content (typical polyether behavior), opposite to the PEC-LiTFSI/BETI/BF4 systems above. Not digitized due to low confidence reading the overlapping multi-series figure.",10.1038/pj.2012.97,"Tominaga, Y.; Nanthana, V.; Tohyama, D. Polym. J. 2012, 44, 1155-1158.",8.142758,6.019242,1.0,1.0,0.0,0.0,51.93865634694684,46.041864812,5.115762756888889,0.0,0.0,9.0,3.0,0.0,0.0,1.0,6.0,0.0,2.0,0.0,1.0,0.0,0.0,0.0,0.0,0.0,0.0,0.0,1.3333333333333333,0.4444444444444444,0.625,0.0,0.0,1.25,0.4166666666666667,1.25,0.4166666666666667,0.0,0.0,0.0,0.0,1.387425886722793,0.46247529557426437,1.0540925533894598,0.35136418446315326,1.914213562373095,0.6380711874576983,1.4142135623730951,0.47140452079103173,0.5267876756503018,0.17559589188343394,0.3601210089836353,0.12004033632787843,0.0,0.0,0.0,0.0,0.0,0.05555555555555558,0.5185185185185185,0.9555555555555554,0.4090909090909091,0.5185185185185185,0.7916666666666666,0.10942760942760937,0.0,-0.10942760942760937,0.16388888888888875,-1.25,-0.4166666666666667,0.4651162790697675,0.24888372093023248,0.0,3.0,2.0,28.570273999999998,23.265725999999997,4.0,1.0,8.0,0.7272727272727273,182.0852485445621,178.120509056,5.937350301866667,0.0,0.0,30.0,12.0,0.0,0.0,4.0,18.0,0.0,8.0,0.0,4.0,0.0,0.0,0.0,0.0,0.0,0.0,0.0,5.333333333333333,0.4444444444444444,0.25,0.09375,0.0,7.25,0.6041666666666666,7.25,0.6041666666666666,0.0,0.0,0.0,0.0,9.745073294995585,0.8120894412496321,3.904544672725765,0.3253787227271471,14.408206597936532,1.2006838831613778,5.7700556100296625,0.4808379675024719,4.663133302940947,0.3885944419117456,1.8655109373038976,0.1554592447753248,0.14415795234343243,0.012013162695286036,0.14415795234343243,0.012013162695286036,0.0,0.05555555555555558,0.5622222222222223,0.9555555555555554,0.4263157894736842,0.5622222222222223,0.905128205128205,0.1359064327485381,0.0,-0.1359064327485381,0.05042735042735036,-7.25,-0.6041666666666666,0.4651162790697675,0.24888372093023248,0.0,12.0,9.090909090909092,[N-](S(=O)(=O)C(F)(F)F)S(=O)(=O)C(F)(F)F,16.79,21.13,4.0,0.0,2.0,0.14285714285714285,161.41127099674247,279.91784237991,18.661189491993998,1.0,0.0,15.0,15.0,0.0,0.0,13.0,0.0,0.0,2.0,1.0,4.0,2.0,0.0,6.0,0.0,0.0,0.0,6.0,6.114285714285714,0.4076190476190476,0.4984423676012461,0.0,0.43613707165109045,15.5,1.0333333333333334,9.5,0.6333333333333333,6.0,0.4,0.0,0.0,10.391891680516292,0.6927927787010861,3.0026918636094155,0.20017945757396102,27.659920629859347,1.8439947086572899,6.207106781186548,0.41380711874576986,17.268028949343055,1.1512019299562037,3.2044149175771324,0.2136276611718088,1.207106781186547,0.08047378541243647,1.207106781186547,0.08047378541243647,0.0,0.09238095238095241,1.4123809523809525,1.4123809523809525,0.42765957446808506,1.4123809523809525,1.4123809523809525,0.9847213779128674,0.0,-0.9847213779128674,0.0,-3.5,-0.23333333333333334,0.28860418071476734,0.4253958192852326,0.0,15.0,3.7856,81.6,,,25
