Index,Polymer system Notes,Polymer family,Polymer,SMILES descriptor 1,SMILES descriptor 2,Comonomer percentage,Average functional group per monomer,Anion,Li:monomer,Li:functional group,salt wt%,Tg,Tg polymer without salt,Tm,Tm start,Tm end,% crystallinity,crystalline?,Conductivity at 0C,Conductivity at 15C,Conductivity at 20C,Conductivity at 21C,Conductivity at 25C,Conductivity at 27C,Conductivity at 30C,Conductivity at 35C,Conductivity at 40C,Conductivity at 45C,Conductivity at 50C,Conductivity at 55C,Conductivity at 60C,Conductivity at 65C,Conductivity at 70C,Conductivity at 75C,Conductivity at 80C,Conductivity at 85C,Conductivity at 90C,Conductivity at 100C,Conductivity at 110C,Conductivity at 125C,Transference number,T for transference,Transference notes,storage modulus,T for storage mod,youngs modulus (Mpa),viscosity (mPa s),VFT prefactor (S/cm*T^(1/2)),VFT activation energy (K),VFT T0 (degC),VFT Notes (above temp),VFT prefactor with set T0,VFT activation energy with fixed T0 (K),Fixed T0 (degC),Arrhenius Ea (eV) low T,Arrhenius Ea (eV) high T,Arrhenius Ea (eV) low T me,Arrhenius prefactor low T me (S/cm),Arrhenius Ea (eV),Arrhenius prefactor (S/cm),Arrhenius notes,Li diffusion coefficient cm^2/s,temperature for D_Li,X-ray structural data (aggregate? Distance?),PDI,Polymer Mn (kDa),Polymer Mw (kDa),chain architecture,Solvent used,drying temp,drying time (h),drying vacuum,Notes,DOI,Reference,Anion Smiles
186,,"alcohol, acrylate",polyvinyl alcohol,CC(O),CC(OC(=O)C),98.0,1.0,TFSI,,0.25,,,,,,,,no,,,5.03e-05,,7.8e-05,,0.000113548,0.00015739,0.000209496,0.000269656,0.000337483,0.000412465,0.000494006,0.000581462,0.000674168,0.000771462,0.000872696,0.000977252,0.001084547,0.001305221,0.00153088,,,,,,,,,0.35,374.0,-42.0,20,,,,,,,,0.36,110.0,,,,,,,125000.0,linear,DMSO,,120,yes,"dried in furnace, don't specify temp, 10 wt% DMSO remaining",https://doi.org/10.1016/j.electacta.2017.05.127,"Ek G, Jeschull F, Bowden T, Brandell D. Li-ion batteries using electrolytes based on mixtures of poly(vinyl alcohol) and lithium bis(triflouromethane) sulfonamide salt. Electrochim Acta 2017;246:208-212",C(F)(F)(F)S(=O)(=O)[N-]S(=O)(=O)C(F)(F)F
187,,"alcohol, acrylate",polyvinyl alcohol,CC(O),CC(OC(=O)C),98.0,1.0,CF3SO3,,0.25,,,,,,,,no,,,,,,,3.76e-08,1.24e-07,3.35e-07,7.76e-07,1.59e-06,2.97e-06,5.11e-06,8.25e-06,1.26e-05,1.85e-05,2.6e-05,3.54e-05,4.68e-05,7.63e-05,0.0001151,,,,,,,,,0.37,664.0,-20.0,30,,,,,,,,0.96,970000000.0,,,,,,,125000.0,linear,DMSO,,120,yes,"dried in furnace, don't specify temp, 10 wt% DMSO remaining",https://doi.org/10.1016/j.electacta.2017.05.127,"Ek G, Jeschull F, Bowden T, Brandell D. Li-ion batteries using electrolytes based on mixtures of poly(vinyl alcohol) and lithium bis(triflouromethane) sulfonamide salt. Electrochim Acta 2017;246:208-212",C(F)(F)(F)S(=O)(=O)[O-]
188,,"alcohol, acrylate",polyvinyl alcohol,CC(O),CC(OC(=O)C),98.0,1.0,ClO4,,0.25,,,,,,,,no,,,,,,,2.14e-07,6.31e-07,1.6e-06,3.6e-06,7.32e-06,1.37e-05,2.41e-05,3.98e-05,6.27e-05,9.45e-05,0.000137379,0.000193309,0.000264419,,,,,,,,,,,9.5,926.0,-33.0,30,,,,,,,,1.0,32000000000.0,,,,,,,125000.0,linear,DMSO,,120,yes,"dried in furnace, don't specify temp, 10 wt% DMSO remaining",https://doi.org/10.1016/j.electacta.2017.05.127,"Ek G, Jeschull F, Bowden T, Brandell D. Li-ion batteries using electrolytes based on mixtures of poly(vinyl alcohol) and lithium bis(triflouromethane) sulfonamide salt. Electrochim Acta 2017;246:208-212",[O-]Cl(=O)(=O)=O
189,,"alcohol, acrylate",polyvinyl alcohol,CC(O),CC(OC(=O)C),98.0,1.0,TFSI,,0.25,,58.0,,,,,,no,,,,,1.9e-09,,4.39e-09,9.88e-09,2.17e-08,4.63e-08,9.67e-08,1.97e-07,3.95e-07,7.72e-07,1.48e-06,2.79e-06,5.17e-06,9.39e-06,1.68e-05,5.13e-05,0.000147546,,,,,,,,,640000000000000.0,15300.0,-273.15,27,,,,,,,,1.3,21000000000000.0,,,,,,,125000.0,linear,water,,120,yes,"dried in furnace, don't specify temp, 1 wt% DMSO remaining",https://doi.org/10.1016/j.electacta.2017.05.127,"Ek G, Jeschull F, Bowden T, Brandell D. Li-ion batteries using electrolytes based on mixtures of poly(vinyl alcohol) and lithium bis(triflouromethane) sulfonamide salt. Electrochim Acta 2017;246:208-212",C(F)(F)(F)S(=O)(=O)[N-]S(=O)(=O)C(F)(F)F
190,,"alcohol, acrylate",polyvinyl alcohol,CC(O),CC(OC(=O)C),98.0,1.0,CF3SO3,,0.25,,67.0,,,,,,no,,,,,,,8.08e-10,,2.13e-09,5.06e-09,1.17e-08,2.63e-08,5.77e-08,1.24e-07,2.6e-07,5.34e-07,1.07e-06,2.12e-06,4.1e-06,1.46e-05,4.85e-05,,,,,,,,,4.6e+16,17366.0,-273.15,30,,,,,,,,1.5,1500000000000000.0,,,,,,,125000.0,linear,water,,120,yes,"dried in furnace, don't specify temp, 1 wt% DMSO remaining",https://doi.org/10.1016/j.electacta.2017.05.127,"Ek G, Jeschull F, Bowden T, Brandell D. Li-ion batteries using electrolytes based on mixtures of poly(vinyl alcohol) and lithium bis(triflouromethane) sulfonamide salt. Electrochim Acta 2017;246:208-212",C(F)(F)(F)S(=O)(=O)[O-]
191,,"alcohol, acrylate",polyvinyl alcohol,CC(O),CC(OC(=O)C),98.0,1.0,ClO4,,0.25,,41.0,,,,,,no,,,,,1.29e-10,,3.11e-10,7.28e-10,1.66e-09,3.67e-09,7.95e-09,1.68e-08,3.47e-08,7.01e-08,1.39e-07,2.7e-07,5.14e-07,9.61e-07,1.77e-06,5.69e-06,1.72e-05,,,,,,,,,490000000000000.0,16027.0,-273.15,26,,,,,,,,1.37,16000000000000.0,,,,,,,125000.0,linear,water,,120,yes,"dried in furnace, don't specify temp, 1 wt% DMSO remaining",https://doi.org/10.1016/j.electacta.2017.05.127,"Ek G, Jeschull F, Bowden T, Brandell D. Li-ion batteries using electrolytes based on mixtures of poly(vinyl alcohol) and lithium bis(triflouromethane) sulfonamide salt. Electrochim Acta 2017;246:208-212",[O-]Cl(=O)(=O)=O
192,,"alcohol, acrylate",polyvinyl alcohol,CC(O),CC(OC(=O)C),98.0,1.0,TFSI,,0.25,,59.0,,,,,,no,,,,,,,8.95e-10,2e-09,4.34e-09,9.19e-09,1.9e-08,3.85e-08,7.64e-08,1.48e-07,2.83e-07,5.29e-07,9.71e-07,1.75e-06,3.12e-06,9.39e-06,2.67e-05,,,,,,,,,73000000000000.0,15128.0,-273.15,28,,,,,,,,1.3,2400000000000.0,,,,,,,125000.0,linear,none,200,0.1,none,hot pressed,https://doi.org/10.1016/j.electacta.2017.05.127,"Ek G, Jeschull F, Bowden T, Brandell D. Li-ion batteries using electrolytes based on mixtures of poly(vinyl alcohol) and lithium bis(triflouromethane) sulfonamide salt. Electrochim Acta 2017;246:208-212",C(F)(F)(F)S(=O)(=O)[N-]S(=O)(=O)C(F)(F)F
193,,"alcohol, acrylate",polyvinyl alcohol,CC(O),CC(OC(=O)C),98.0,1.0,CF3SO3,,0.25,,82.0,,,,,,no,,,,,,,,,,,,,,,,,,,,,,,,,,,,,,,,,,,,,,,,,,,,,,,,,125000.0,linear,none,200,0.1,none,hot pressed,https://doi.org/10.1016/j.electacta.2017.05.127,"Ek G, Jeschull F, Bowden T, Brandell D. Li-ion batteries using electrolytes based on mixtures of poly(vinyl alcohol) and lithium bis(triflouromethane) sulfonamide salt. Electrochim Acta 2017;246:208-212",C(F)(F)(F)S(=O)(=O)[O-]
194,,"alcohol, acrylate",polyvinyl alcohol,CC(O),CC(OC(=O)C),98.0,1.0,ClO4,,0.25,,40.0,,,,,,no,,,,,,,,,,,,,,,,,,,,,,,,,,,,,,,,,,,,,,,,,,,,,,,,,125000.0,linear,none,200,0.1,none,hot pressed,https://doi.org/10.1016/j.electacta.2017.05.127,"Ek G, Jeschull F, Bowden T, Brandell D. Li-ion batteries using electrolytes based on mixtures of poly(vinyl alcohol) and lithium bis(triflouromethane) sulfonamide salt. Electrochim Acta 2017;246:208-212",[O-]Cl(=O)(=O)=O
