paper_id,filename,doi,pdf_size_kb,status,error_code,error_message,page_count,tier,parse_duration_seconds,wait_retries,num_figures,num_figures_with_caption,caption_hit_rate,num_tables,content_md_chars,manual_data_extraction_accuracy_1to5,manual_figure_extraction_accuracy_1to5,manual_table_extraction_accuracy_1to5,manual_notes
0188819c,0188819c-mindemark2015.pdf,,1362.9,ok,,,5,advanced,66.1,0,4,3,0.75,2,33707,,,,
059990f6,059990f6-nagaoka1984.pdf,,252.8,ok,,,5,advanced,90.6,0,0,0,,4,13171,,,,
0a011d54,0a011d54-tominaga2012.pdf,,583.4,ok,,,4,advanced,58.9,0,2,2,1.0,2,22654,,,,
0a3655ba,0a3655ba-10.1021@jp049195d.pdf,https://doi.org/10.1021/jp049195d,127.3,ok,,,8,advanced,138.2,0,1,1,1.0,10,54896,,,,
0cfc7b26,0cfc7b26-pehlivan2010.pdf,,327.8,ok,,,6,advanced,121.9,0,0,0,,12,31615,,,,
13c08e25,13c08e25-ferry1999.pdf,,268.1,ok,,,4,advanced,61.8,0,1,1,1.0,3,19962,,,,
170fead2,170fead2-lascaud1994.pdf,,1157.9,ok,,,9,advanced,317.0,1,4,4,1.0,7,61896,,,,
1867e4b4,1867e4b4-kalita2005.pdf,,159.6,ok,,,7,advanced,119.4,0,3,3,1.0,5,33666,,,,
1a1f004b,1a1f004b-saunier2000.pdf,,166.9,ok,,,9,advanced,167.0,0,0,0,,13,38543,,,,
1ad1bf66,1ad1bf66-babu2015.pdf,,1167.7,ok,,,7,advanced,116.1,0,6,5,0.83,1,49041,,,,
1ad5b7f8,1ad5b7f8-konieczynska2015.pdf,,493.7,ok,,,5,advanced,91.5,0,2,2,1.0,5,28818,,,,
1c81bf93,1c81bf93-sato2005.pdf,,122.5,ok,,,4,advanced,62.8,0,2,2,1.0,2,17117,,,,
1dba839e,1dba839e-tominaga2015.pdf,,461.0,ok,,,4,advanced,84.7,0,2,1,0.5,4,28752,,,,
1ff20df8,1ff20df8-florjanczyk1992.pdf,,316.9,ok,,,4,advanced,106.4,0,3,3,1.0,3,15020,,,,
2223473a,2223473a-tominaga2010.pdf,,290.8,ok,,,4,advanced,68.5,0,1,1,1.0,4,22111,,,,
28b73b24,28b73b24-watanabe1986.pdf,,679.5,ok,,,5,advanced,169.6,0,2,2,1.0,3,33543,,,,
2c7161a7,2c7161a7-karmakar2010.pdf,,793.2,ok,,,7,advanced,125.7,0,8,8,1.0,4,36128,,,,
2f67d068,2f67d068-timachova2015.pdf,,1380.3,ok,,,7,advanced,122.3,0,4,3,0.75,6,38802,,,,
2ffe23eb,2ffe23eb-sun2012.pdf,,963.9,ok,,,6,advanced,106.7,0,1,0,0.0,4,39894,,,,
305da967,305da967-ibrahim2011.pdf,,379.0,ok,,,7,advanced,125.4,0,2,2,1.0,6,28830,,,,
3d2af1b8,3d2af1b8-oradd2002.pdf,,125.6,ok,,,6,advanced,93.9,0,0,0,,3,28419,,,,
44068219,44068219-macfarlane1998.pdf,,112.5,ok,,,5,advanced,75.2,0,2,1,0.5,5,17676,,,,
49aaa7f6,49aaa7f6-matsumoto2016.pdf,,2174.7,ok,,,8,advanced,126.1,0,10,9,0.9,2,40969,,,,
4d3c4611,4d3c4611-erickson2003.pdf,,141.3,ok,,,5,advanced,81.6,0,1,1,1.0,5,19389,,,,
54df2c4d,54df2c4d-schauser2020.pdf,,3822.4,ok,,,11,advanced,199.5,1,12,12,1.0,6,84910,,,,
55c67aaa,55c67aaa-ek2017.pdf,,1233.5,ok,,,5,advanced,85.3,0,3,2,0.67,3,27370,,,,
569ebb10,569ebb10-schauser2018.pdf,,2239.8,ok,,,11,advanced,190.6,1,5,4,0.8,6,73280,,,,
56a42aa5,56a42aa5-tanaka1993.pdf,,280.6,ok,,,5,advanced,122.8,0,0,0,,6,16689,,,,
5ce084d6,5ce084d6-10.1016@0013-46869280115-3.pdf,https://doi.org/10.1016/0013-46869280115-3,470.1,ok,,,5,advanced,230.4,1,1,1,1.0,5,24265,,,,
5feba0f9,5feba0f9-robitaille1986.pdf,,1734.2,ok,,,11,advanced,395.4,1,7,7,1.0,15,63250,,,,
618be06e,618be06e-lee2001.pdf,,66.1,ok,,,4,advanced,62.6,0,2,2,1.0,2,15127,,,,
663ed327,663ed327-sun2014.pdf,,1193.0,ok,,,5,advanced,81.7,0,4,4,1.0,3,29071,,,,
68e6787c,68e6787c-watanabe1999.pdf,,464.7,ok,,,4,advanced,72.1,0,0,0,,5,21088,,,,
6ca669ae,6ca669ae-10.1016@0167-27389290292-W.pdf,https://doi.org/10.1016/0167-27389290292-W,312.4,ok,,,6,advanced,168.2,0,0,0,,8,24200,,,,
6fa19d61,6fa19d61-xia1984.pdf,,296.0,ok,,,4,advanced,110.3,0,0,0,,5,16684,,,,
75972f89,75972f89-itoh2013.pdf,,1612.3,ok,,,9,advanced,159.1,0,7,6,0.86,5,50905,,,,
76987ba6,76987ba6-magistris2000.pdf,,205.5,ok,,,7,advanced,116.7,0,1,1,1.0,7,23903,,,,
79fbfd43,79fbfd43-zahurak1988.pdf,,888.2,ok,,,7,advanced,236.4,1,0,0,,10,44090,,,,
90f1a8bf,90f1a8bf-kaplan1987.pdf,,581.3,ok,,,4,advanced,103.9,0,2,2,1.0,3,13708,,,,
91061249,91061249-zhang2014.pdf,,1637.6,ok,,,10,advanced,165.1,0,6,5,0.83,7,65547,,,,
9448f9ec,9448f9ec-motomatsu2016.pdf,,538.7,ok,,,5,advanced,181.2,0,1,1,1.0,5,42969,,,,
94caea22,94caea22-paul1992.pdf,,288.0,ok,,,3,advanced,85.2,0,1,1,1.0,4,14475,,,,
98b03564,98b03564-fonseca2006.pdf,,193.5,ok,,,4,advanced,62.9,0,1,1,1.0,4,16937,,,,
99c59834,99c59834-nishimoto1998.pdf,,249.5,ok,,,8,advanced,225.1,1,0,0,,8,33766,,,,
a53d05e9,a53d05e9-yoon2004.pdf,,158.3,ok,,,5,advanced,95.0,0,1,1,1.0,5,18081,,,,
a66bc869,a66bc869-angulakshmi2013.pdf,,1363.8,ok,,,7,advanced,120.4,0,3,3,1.0,7,41925,,,,
a7d77e01,a7d77e01-lin2011.pdf,,964.1,ok,,,8,advanced,126.2,0,8,8,1.0,5,37040,,,,
af8e54dd,af8e54dd-passiniemi1988.pdf,,327.8,ok,,,3,advanced,65.8,0,0,0,,3,8017,,,,
bdf71b01,bdf71b01-linden1988.pdf,,561.8,ok,,,7,advanced,0.3,0,2,2,1.0,6,11603,,,,
c6814369,c6814369-bannister1984.pdf,,236.3,ok,,,3,advanced,88.4,0,1,0,0.0,1,12161,,,,
c6b3f477,c6b3f477-pesko2016.pdf,,837.0,ok,,,7,advanced,127.1,0,5,4,0.8,5,45339,,,,
cca778d3,cca778d3-wei1998.pdf,,79.8,ok,,,2,advanced,46.9,0,1,1,1.0,4,16229,,,,
d0a0dacb,d0a0dacb-okumura2014.pdf,,930.7,ok,,,6,advanced,114.5,0,2,1,0.5,10,41970,,,,
d4835129,d4835129-mitsuda2006.pdf,,260.3,ok,,,7,advanced,88.1,0,3,0,0.0,2,19940,,,,
d4892d64,d4892d64-zardalidis2013.pdf,,2146.3,ok,,,10,advanced,173.6,0,5,5,1.0,11,71912,,,,
d6ac09cf,d6ac09cf-barteau2013.pdf,,1271.7,ok,,,7,advanced,126.5,0,2,2,1.0,12,43044,,,,
d7208107,d7208107-lee2010.pdf,,519.0,ok,,,6,advanced,100.9,0,2,2,1.0,7,35322,,,,
dccd7465,dccd7465-ballard1990.pdf,,1032.0,ok,,,9,advanced,292.8,1,4,1,0.25,20,54737,,,,
e1406878,e1406878-10.1016@j.electacta.2016.12.172.pdf,https://doi.org/10.1016/j.electacta.2016.12.172,548.6,ok,,,34,advanced,403.8,1,4,3,0.75,6,63138,,,,
f34611ab,f34611ab-buriez2000.pdf,,321.2,ok,,,7,advanced,113.6,0,2,2,1.0,6,38388,,,,
f3d2d4b6,f3d2d4b6-fauteux1988.pdf,,855.1,ok,,,6,advanced,171.4,0,0,0,,8,23242,,,,
f71b585e,f71b585e-sun2016.pdf,,1887.4,ok,,,11,advanced,221.3,1,7,6,0.86,8,67599,,,,
f9762411,f9762411-munshi1988.pdf,,802.4,ok,,,10,advanced,273.8,1,0,0,,9,26180,,,,
