paper_id,filename,doi,pdf_size_kb,status,error_code,error_message,page_count,tier,text_tier,figure_tier,num_figures_from_figure_tier,parse_duration_seconds,wait_retries,num_figures,num_figures_with_caption,caption_hit_rate,num_tables,content_md_chars,manual_data_extraction_accuracy_1to5,manual_figure_extraction_accuracy_1to5,manual_table_extraction_accuracy_1to5,manual_notes
0188819c,0188819c-mindemark2015.pdf,,1362.9,ok,,,5,hybrid,advanced,standard,12,1.3,0,16,14,0.88,2,40832,,,,
059990f6,059990f6-nagaoka1984.pdf,,252.8,ok,,,5,hybrid,advanced,standard,4,0.6,0,4,4,1.0,4,14139,,,,
0a011d54,0a011d54-tominaga2012.pdf,,583.4,ok,,,4,hybrid,advanced,standard,5,0.6,0,7,7,1.0,2,24228,,,,
0a3655ba,0a3655ba-10.1021@jp049195d.pdf,https://doi.org/10.1021/jp049195d,127.3,ok,,,8,hybrid,advanced,standard,9,1.7,0,10,10,1.0,10,56496,,,,
0cfc7b26,0cfc7b26-pehlivan2010.pdf,,327.8,ok,,,6,hybrid,advanced,standard,10,1.0,0,10,10,1.0,12,33652,,,,
13c08e25,13c08e25-ferry1999.pdf,,268.1,ok,,,4,hybrid,advanced,standard,4,0.6,0,5,5,1.0,3,23263,,,,
170fead2,170fead2-lascaud1994.pdf,,1157.9,ok,,,9,hybrid,advanced,standard,14,2.2,0,18,18,1.0,7,70092,,,,
1867e4b4,1867e4b4-kalita2005.pdf,,159.6,ok,,,7,hybrid,advanced,standard,6,1.3,0,9,9,1.0,5,36100,,,,
1a1f004b,1a1f004b-saunier2000.pdf,,166.9,ok,,,9,hybrid,advanced,standard,9,1.3,0,9,9,1.0,13,40206,,,,
1ad1bf66,1ad1bf66-babu2015.pdf,,1167.7,ok,,,7,hybrid,advanced,standard,17,1.3,0,23,21,0.91,1,53037,,,,
1ad5b7f8,1ad5b7f8-konieczynska2015.pdf,,493.7,ok,,,5,hybrid,advanced,standard,5,0.7,0,7,7,1.0,5,30216,,,,
1c81bf93,1c81bf93-sato2005.pdf,,122.5,ok,,,4,hybrid,advanced,standard,4,0.6,0,6,6,1.0,2,18137,,,,
1dba839e,1dba839e-tominaga2015.pdf,,461.0,ok,,,4,hybrid,advanced,standard,6,0.7,0,8,6,0.75,4,30310,,,,
1ff20df8,1ff20df8-florjanczyk1992.pdf,,316.9,ok,,,4,hybrid,advanced,standard,6,0.6,0,9,9,1.0,3,18373,,,,
2223473a,2223473a-tominaga2010.pdf,,290.8,ok,,,4,hybrid,advanced,standard,5,0.6,0,6,6,1.0,4,23229,,,,
28b73b24,28b73b24-watanabe1986.pdf,,679.5,ok,,,5,hybrid,advanced,standard,7,1.3,0,9,9,1.0,3,35798,,,,
2c7161a7,2c7161a7-karmakar2010.pdf,,793.2,ok,,,7,hybrid,advanced,standard,14,1.3,0,22,22,1.0,4,42409,,,,
2f67d068,2f67d068-timachova2015.pdf,,1380.3,ok,,,7,hybrid,advanced,standard,11,1.4,0,15,13,0.87,6,48128,,,,
2ffe23eb,2ffe23eb-sun2012.pdf,,963.9,ok,,,6,hybrid,advanced,standard,5,1.4,0,6,4,0.67,4,40726,,,,
305da967,305da967-ibrahim2011.pdf,,379.0,ok,,,7,hybrid,advanced,standard,10,0.6,0,12,12,1.0,6,30814,,,,
3d2af1b8,3d2af1b8-oradd2002.pdf,,125.6,ok,,,6,hybrid,advanced,standard,3,0.6,0,3,3,1.0,3,29519,,,,
44068219,44068219-macfarlane1998.pdf,,112.5,ok,,,5,hybrid,advanced,standard,8,0.6,0,10,8,0.8,5,19573,,,,
49aaa7f6,49aaa7f6-matsumoto2016.pdf,,2174.7,ok,,,8,hybrid,advanced,standard,17,1.3,0,27,24,0.89,2,45322,,,,
4d3c4611,4d3c4611-erickson2003.pdf,,141.3,ok,,,5,hybrid,advanced,standard,4,0.6,0,5,5,1.0,5,20463,,,,
54df2c4d,54df2c4d-schauser2020.pdf,,3822.4,ok,,,11,hybrid,advanced,standard,18,2.3,0,30,30,1.0,6,94502,,,,
55c67aaa,55c67aaa-ek2017.pdf,,1233.5,ok,,,5,hybrid,advanced,standard,9,0.6,0,12,10,0.83,3,30427,,,,
569ebb10,569ebb10-schauser2018.pdf,,2239.8,ok,,,11,hybrid,advanced,standard,13,2.0,0,18,16,0.89,6,82001,,,,
56a42aa5,56a42aa5-tanaka1993.pdf,,280.6,ok,,,5,hybrid,advanced,standard,6,0.6,0,6,6,1.0,6,18124,,,,
5ce084d6,5ce084d6-10.1016@0013-46869280115-3.pdf,https://doi.org/10.1016/0013-46869280115-3,470.1,ok,,,5,hybrid,advanced,standard,6,0.6,0,7,7,1.0,5,27398,,,,
5feba0f9,5feba0f9-robitaille1986.pdf,,1734.2,ok,,,11,hybrid,advanced,standard,25,1.9,0,32,32,1.0,15,69155,,,,
618be06e,618be06e-lee2001.pdf,,66.1,ok,,,4,hybrid,advanced,standard,4,0.6,0,6,6,1.0,2,16734,,,,
663ed327,663ed327-sun2014.pdf,,1193.0,ok,,,5,hybrid,advanced,standard,10,0.6,0,14,14,1.0,3,31771,,,,
68e6787c,68e6787c-watanabe1999.pdf,,464.7,ok,,,4,hybrid,advanced,standard,5,0.6,0,5,5,1.0,5,22455,,,,
6ca669ae,6ca669ae-10.1016@0167-27389290292-W.pdf,https://doi.org/10.1016/0167-27389290292-W,312.4,ok,,,6,hybrid,advanced,standard,8,0.6,0,8,8,1.0,8,26717,,,,
6fa19d61,6fa19d61-xia1984.pdf,,296.0,ok,,,4,hybrid,advanced,standard,5,0.6,0,5,5,1.0,5,18204,,,,
75972f89,75972f89-itoh2013.pdf,,1612.3,ok,,,9,hybrid,advanced,standard,18,1.5,0,25,23,0.92,5,56684,,,,
76987ba6,76987ba6-magistris2000.pdf,,205.5,ok,,,7,hybrid,advanced,standard,9,0.6,0,10,10,1.0,7,26265,,,,
79fbfd43,79fbfd43-zahurak1988.pdf,,888.2,ok,,,7,hybrid,advanced,standard,10,1.3,0,10,10,1.0,10,46023,,,,
90f1a8bf,90f1a8bf-kaplan1987.pdf,,581.3,ok,,,4,hybrid,advanced,standard,4,0.6,0,6,6,1.0,3,15170,,,,
91061249,91061249-zhang2014.pdf,,1637.6,ok,,,10,hybrid,advanced,standard,14,2.0,0,20,19,0.95,7,69112,,,,
9448f9ec,9448f9ec-motomatsu2016.pdf,,538.7,ok,,,5,hybrid,advanced,standard,6,0.9,0,7,7,1.0,5,46139,,,,
94caea22,94caea22-paul1992.pdf,,288.0,ok,,,3,hybrid,advanced,standard,4,0.7,0,5,5,1.0,4,15969,,,,
98b03564,98b03564-fonseca2006.pdf,,193.5,ok,,,4,hybrid,advanced,standard,6,0.6,0,7,7,1.0,4,18585,,,,
99c59834,99c59834-nishimoto1998.pdf,,249.5,ok,,,8,hybrid,advanced,standard,7,1.3,0,7,7,1.0,8,35396,,,,
a53d05e9,a53d05e9-yoon2004.pdf,,158.3,ok,,,5,hybrid,advanced,standard,11,0.6,0,12,12,1.0,5,20679,,,,
a66bc869,a66bc869-angulakshmi2013.pdf,,1363.8,ok,,,7,hybrid,advanced,standard,13,1.3,0,16,16,1.0,7,45758,,,,
a7d77e01,a7d77e01-lin2011.pdf,,964.1,ok,,,8,hybrid,advanced,standard,21,1.4,0,29,29,1.0,5,51140,,,,
af8e54dd,af8e54dd-passiniemi1988.pdf,,327.8,ok,,,3,hybrid,advanced,standard,1,0.6,0,1,1,1.0,3,8672,,,,
bdf71b01,bdf71b01-linden1988.pdf,,561.8,ok,,,7,hybrid,advanced,standard,8,0.8,0,10,10,1.0,6,14167,,,,
c6814369,c6814369-bannister1984.pdf,,236.3,ok,,,3,hybrid,advanced,standard,2,0.6,0,3,2,0.67,1,12930,,,,
c6b3f477,c6b3f477-pesko2016.pdf,,837.0,ok,,,7,hybrid,advanced,standard,10,1.3,0,15,14,0.93,5,48708,,,,
cca778d3,cca778d3-wei1998.pdf,,79.8,ok,,,2,hybrid,advanced,standard,6,0.6,0,7,7,1.0,4,17234,,,,
d0a0dacb,d0a0dacb-okumura2014.pdf,,930.7,ok,,,6,hybrid,advanced,standard,13,1.3,0,15,14,0.93,10,45374,,,,
d4835129,d4835129-mitsuda2006.pdf,,260.3,ok,,,7,hybrid,advanced,standard,3,0.7,0,6,3,0.5,2,20313,,,,
d4892d64,d4892d64-zardalidis2013.pdf,,2146.3,ok,,,10,hybrid,advanced,standard,20,2.0,0,25,25,1.0,11,83877,,,,
d6ac09cf,d6ac09cf-barteau2013.pdf,,1271.7,ok,,,7,hybrid,advanced,standard,12,1.3,0,14,14,1.0,12,47231,,,,
d7208107,d7208107-lee2010.pdf,,519.0,ok,,,6,hybrid,advanced,standard,7,1.4,0,9,9,1.0,7,36356,,,,
dccd7465,dccd7465-ballard1990.pdf,,1032.0,ok,,,9,hybrid,advanced,standard,16,1.4,0,20,14,0.7,20,59962,,,,
e1406878,e1406878-10.1016@j.electacta.2016.12.172.pdf,https://doi.org/10.1016/j.electacta.2016.12.172,548.6,ok,,,34,hybrid,advanced,standard,13,1.7,0,17,14,0.82,6,65819,,,,
f34611ab,f34611ab-buriez2000.pdf,,321.2,ok,,,7,hybrid,advanced,standard,8,1.3,0,10,10,1.0,6,40792,,,,
f3d2d4b6,f3d2d4b6-fauteux1988.pdf,,855.1,ok,,,6,hybrid,advanced,standard,8,0.6,0,8,8,1.0,8,25145,,,,
f71b585e,f71b585e-sun2016.pdf,,1887.4,ok,,,11,hybrid,advanced,standard,24,2.0,0,31,28,0.9,8,81344,,,,
f9762411,f9762411-munshi1988.pdf,,802.4,ok,,,10,hybrid,advanced,standard,8,0.6,0,8,8,1.0,9,27728,,,,
